CLASS,END_D,END_DTSTR,END_T,EXCP,HQ_SEC,IO_CONN_SEC,IO_UNIT,JOB_NAME,JOB_NUM,JQ_SEC,MSO_UNIT,PAGE_IN,PAGE_OUT,PAGE_SWAP,REQUEST_D,REQUEST_T,RQ_SEC,SERV_CLASS,SERV_UNIT,SQ_SEC,SRB_CPU_MS,SRB_CPU_SEC,SRB_UNIT,SSCH,START_D,START_T,SYSTEM,TCB_CPU_MS,TCB_CPU_SEC,TCB_UNIT,TYPE,USER_NAME,START_DT,START_DTSTR,START_SEC,REQUEST_DT,REQUEST_SEC,END_DT,END_SEC,ELAPSED_SEC,CPU_SEC,CPU_MS,QUEUE_SEC,BATCH_DATE
100,2018/8/1,2018-08-01-00.01.44.850,00.01.44.85,148,0,0,695,JN_001,JOB35880,1,503835,0,0,0,118212,8632527,0,BATCH_B,7994809,1,0,0,124,27885,118212,8632610,MS1,10907,10,7490155,JES2,USER1,58:46.1,2018-07-31-23.58.46.000000,1533081526,58:45.3,1533081525,01:44.8,1533081705,178.75,10,10907,2,2018/7/31
100,2018/8/1,2018-08-01-00.01.32.720,00.01.32.72,65147,0,27,293934,JN_002,JOB36624,0,1378323,0,0,0,118213,3065,0,BATCH_D,9057404,9,466,0,320066,41224,118213,3944,MS1,10281,10,7065081,JES2,USER1,00:39.4,2018-08-01-00.00.39.000000,1533081639,00:30.6,1533081631,01:32.7,1533081693,53.27999997,10,10747,9,2018/7/31
100,2018/8/1,2018-08-01-00.02.56.380,00.02.56.38,47312,0,48,190858,JN_002,JOB37496,1,36455354,0,0,0,118213,9319,0,BATCH_D,60935459,1,611,0,426948,43995,118213,9527,MS1,34746,33,23862299,JES2,USER1,01:35.3,2018-08-01-00.01.35.000000,1533081695,01:33.2,1533081693,02:56.4,1533081776,81.1099999,33,35357,2,2018/7/31
100,2018/8/1,2018-08-01-00.04.57.270,00.04.57.27,266848,0,335,1015707,JN_003,JOB35916,0,116290793,0,0,0,118212,8633174,0,BATCH_D,267539339,44,4368,4,3004126,283139,118212,8637595,MS1,214389,202,147228713,JES2,USER1,59:35.9,2018-07-31-23.59.35.000000,1533081576,58:51.7,1533081532,04:57.3,1533081897,321.3200002,206,218757,44,2018/7/31
100,2018/8/1,2018-08-01-00.02.02.810,00.02.02.81,142618,0,148,609758,JN_004,JOB35536,1,43388785,0,0,0,118212,8627724,0,BATCH_D,108738345,24,1820,1,1253149,145878,118212,8630269,MS1,92442,87,63486653,JES2,USER1,58:22.7,2018-07-31-23.58.22.000000,1533081503,57:57.2,1533081477,02:02.8,1533081723,220.1200001,88,94262,25,2018/7/31
100,2018/8/1,2018-08-01-00.03.16.780,00.03.16.78,121152,0,123,525239,JN_005,JOB36347,1,33893595,0,0,0,118212,8638137,0,BATCH_D,84405932,31,1543,1,1064367,127691,118213,1355,MS1,71239,67,48922731,JES2,USER1,00:13.5,2018-08-01-00.00.13.000000,1533081614,59:41.4,1533081581,03:16.8,1533081797,183.2299998,68,72782,32,2018/7/31
100,2018/8/1,2018-08-01-00.05.16.070,00.05.16.07,403,0,0,1680,JN_006,JOB39241,1,2821,0,0,0,118213,31314,0,BATCH_D,75748,1,0,0,855,605,118213,31411,MS1,101,0,70392,JES2,USER1,05:14.1,2018-08-01-00.05.14.000000,1533081914,05:13.1,1533081913,05:16.1,1533081916,1.960000038,0,101,2,2018/7/31
100,2018/8/1,2018-08-01-00.05.55.280,00.05.55.28,98059,0,47,384228,JN_006,JOB39462,0,2829603,0,0,0,118213,32311,0,BATCH_D,12518220,0,757,0,527446,74313,118213,32320,MS1,12771,12,8776943,JES2,USER1,05:23.2,2018-08-01-00.05.23.000000,1533081923,05:23.1,1533081923,05:55.3,1533081955,32.07999992,12,13528,0,2018/7/31
100,2018/8/1,2018-08-01-00.01.35.810,00.01.35.81,94687,0,137,375447,JN_007,JOB35860,0,112434348,0,0,0,118212,8632115,0,BATCH_D,195024017,27,1631,1,1127094,116709,118212,8634815,MS1,118072,111,81087128,JES2,USER1,59:08.1,2018-07-31-23.59.08.000000,1533081548,58:41.1,1533081521,01:35.8,1533081696,147.6599998,112,119703,27,2018/7/31
100,2018/8/1,2018-08-01-00.02.31.430,00.02.31.43,327,0,0,1495,JN_008,JOB37732,1,1942,0,0,0,118213,13367,0,BATCH_A,51347,17,0,0,238,139,118213,15099,MS1,58,0,47672,JES2,USER1,02:31.0,2018-08-01-00.02.30.000000,1533081751,02:13.7,1533081734,02:31.4,1533081751,0.440000057,0,58,18,2018/7/31
100,2018/8/1,2018-08-01-00.02.40.630,00.02.40.63,321,0,0,1465,JN_009,JOB37843,0,1920,0,0,0,118213,15188,0,BATCH_A,52101,8,0,0,239,135,118213,16013,MS1,58,0,48477,JES2,USER1,02:40.1,2018-08-01-00.02.40.000000,1533081760,02:31.9,1533081752,02:40.6,1533081761,0.500000238,0,58,8,2018/7/31
100,2018/8/1,2018-08-01-00.02.25.670,00.02.25.67,52305,0,8,261121,JN_010,JOB35505,0,243941,0,0,0,118212,8627461,0,BATCH_A,10190747,237,131,0,97556,12710,118213,11244,MS1,13950,13,9588129,JES2,USER1,01:52.4,2018-08-01-00.01.52.000000,1533081712,57:54.6,1533081475,02:25.7,1533081746,33.23000002,13,14081,237,2018/7/31
100,2018/8/1,2018-08-01-00.02.40.010,00.02.40.01,19082,0,3,95264,JN_011,JOB37814,0,19168,0,0,0,118213,14594,0,BATCH_A,445406,5,43,0,32789,4948,118213,15189,MS1,422,0,298185,JES2,USER1,02:31.9,2018-08-01-00.02.31.000000,1533081752,02:25.9,1533081746,02:40.0,1533081760,8.120000124,0,465,5,2018/7/31
100,2018/8/1,2018-08-01-00.02.28.850,00.02.28.85,120,0,0,555,JN_012,JOB36608,0,84976,0,0,0,118213,2753,0,BATCH_A,1363462,106,0,0,89,4876,118213,13480,MS1,1849,1,1277842,JES2,USER1,02:14.8,2018-08-01-00.02.14.000000,1533081735,00:27.5,1533081628,02:28.8,1533081749,14.04999995,1,1849,106,2018/7/31
100,2018/8/1,2018-08-01-00.04.26.770,00.04.26.77,278,0,0,1215,JN_013,JOB36604,0,6863,0,0,0,118213,2654,0,BATCH_B,122221,229,0,0,612,1162,118213,25682,MS1,160,0,113531,JES2,USER1,04:16.8,2018-08-01-00.04.16.000000,1533081857,00:26.5,1533081627,04:26.8,1533081867,9.950000048,0,160,229,2018/7/31
100,2018/8/1,2018-08-01-00.05.57.480,00.05.57.48,302,0,0,1335,JN_014,JOB37603,0,5815,0,0,0,118213,10588,0,BATCH_B,100955,249,0,0,644,758,118213,35560,MS1,131,0,93161,JES2,USER1,05:55.6,2018-08-01-00.05.55.000000,1533081956,01:45.9,1533081706,05:57.5,1533081957,1.880000114,0,131,249,2018/7/31
100,2018/8/1,2018-08-01-00.02.14.770,00.02.14.77,1,0,0,0,JN_015,JOB36022,0,16,0,0,0,118212,8634201,0,BATCH_A,1284,191,0,0,0,1,118213,13476,MS1,0,0,1268,JES2,USER1,02:14.8,2018-08-01-00.02.14.000000,1533081735,59:02.0,1533081542,02:14.8,1533081735,0.00999999,0,0,191,2018/7/31
100,2018/8/1,2018-08-01-00.02.12.660,00.02.12.66,1937,0,0,9530,JN_016,JOB35945,0,2522,0,0,0,118212,8634020,0,BATCH_A,73056,191,0,0,2001,883,118213,13168,MS1,72,0,59003,JES2,USER1,02:11.7,2018-08-01-00.02.11.000000,1533081732,59:00.2,1533081540,02:12.7,1533081733,0.980000019,0,72,191,2018/7/31
100,2018/8/1,2018-08-01-00.02.13.670,00.02.13.67,1929,0,0,9490,JN_017,JOB35946,0,2527,0,0,0,118212,8634021,0,BATCH_A,73301,192,0,0,1967,884,118213,13276,MS1,72,0,59317,JES2,USER1,02:12.8,2018-08-01-00.02.12.000000,1533081733,59:00.2,1533081540,02:13.7,1533081734,0.910000086,0,72,192,2018/7/31
100,2018/8/1,2018-08-01-00.05.05.990,00.05.05.99,2709,0,0,13490,JN_018,JOB37521,0,31233,0,0,0,118213,9635,0,BATCH_B,702334,172,14,0,10616,1350,118213,26750,MS1,932,0,646995,JES2,USER1,04:27.5,2018-08-01-00.04.27.000000,1533081868,01:36.3,1533081696,05:06.0,1533081906,38.49000001,0,946,172,2018/7/31
100,2018/8/1,2018-08-01-00.02.43.980,00.02.43.98,1179,0,0,5615,JN_019,JOB36045,0,9323,0,0,0,118212,8634206,0,BATCH_B,429889,211,0,0,5899,2115,118213,15357,MS1,582,0,409052,JES2,USER1,02:33.6,2018-08-01-00.02.33.000000,1533081754,59:02.1,1533081542,02:44.0,1533081764,10.41000009,0,582,211,2018/7/31
100,2018/8/1,2018-08-01-00.02.18.170,00.02.18.17,494,0,0,2390,JN_020,JOB35980,0,45776,0,0,0,118212,8634111,0,BATCH_B,438039,175,0,0,255,2331,118213,11583,MS1,553,0,389618,JES2,USER1,01:55.8,2018-08-01-00.01.55.000000,1533081716,59:01.1,1533081541,02:18.2,1533081738,22.33999968,0,553,175,2018/7/31
100,2018/8/1,2018-08-01-00.02.32.800,00.02.32.80,484,0,0,2340,JN_021,JOB35982,0,59977,0,0,0,118212,8634117,0,BATCH_B,593318,184,0,0,250,2670,118213,12222,MS1,771,0,530751,JES2,USER1,02:02.2,2018-08-01-00.02.02.000000,1533081722,59:01.2,1533081541,02:32.8,1533081753,30.57999992,0,771,184,2018/7/31
100,2018/8/1,2018-08-01-00.01.51.520,00.01.51.52,780,0,0,3820,JN_022,JOB35979,0,42830,0,0,0,118212,8634033,0,BATCH_B,411378,166,0,0,308,2009,118213,10725,MS1,524,0,364420,JES2,USER1,01:47.2,2018-08-01-00.01.47.000000,1533081707,59:00.3,1533081540,01:51.5,1533081712,4.270000219,0,524,166,2018/7/31
100,2018/8/1,2018-08-01-00.01.47.210,00.01.47.21,313,0,0,1485,JN_023,JOB35948,1,7813,0,0,0,118212,8634026,0,BATCH_B,118536,164,0,0,141,444,118213,10552,MS1,145,0,109097,JES2,USER1,01:45.5,2018-08-01-00.01.45.000000,1533081706,59:00.3,1533081540,01:47.2,1533081707,1.689999819,0,145,165,2018/7/31
100,2018/8/1,2018-08-01-00.02.34.180,00.02.34.18,313,0,0,1485,JN_024,JOB36021,0,47474,0,0,0,118212,8634120,0,BATCH_B,588706,199,0,0,137,1877,118213,13945,MS1,771,0,539610,JES2,USER1,02:19.4,2018-08-01-00.02.19.000000,1533081739,59:01.2,1533081541,02:34.2,1533081754,14.73000026,0,771,199,2018/7/31
100,2018/8/1,2018-08-01-00.01.55.560,00.01.55.56,315,0,0,1495,JN_025,JOB35981,0,16226,0,0,0,118212,8634116,0,BATCH_B,216612,171,0,0,143,887,118213,11238,MS1,276,0,198748,JES2,USER1,01:52.4,2018-08-01-00.01.52.000000,1533081712,59:01.2,1533081541,01:55.6,1533081716,3.179999828,0,276,171,2018/7/31
100,2018/8/1,2018-08-01-00.05.55.500,00.05.55.50,2410,0,0,11725,JN_026,JOB35808,0,1119887,0,0,0,118212,8630940,0,BATCH_B,34449665,7,0,0,898,26474,118212,8631767,MS1,48507,48,33317155,JES2,USER1,58:37.7,2018-07-31-23.58.37.000000,1533081518,58:29.4,1533081509,05:55.5,1533081956,437.8299999,48,48507,7,2018/7/31
100,2018/8/1,2018-08-01-00.02.30.580,00.02.30.58,1464,0,0,7040,JN_027,JOB37729,0,7064,0,0,0,118213,13314,0,BATCH_A,128690,15,0,0,1776,714,118213,14927,MS1,160,0,112810,JES2,USER1,02:29.3,2018-08-01-00.02.29.000000,1533081749,02:13.1,1533081733,02:30.6,1533081751,1.309999704,0,160,15,2018/7/31
100,2018/8/1,2018-08-01-00.03.07.710,00.03.07.71,1460,0,0,7020,JN_027,JOB38137,0,4394,0,0,0,118213,18307,0,BATCH_A,113222,1,0,0,1697,700,118213,18644,MS1,145,0,100111,JES2,USER1,03:06.4,2018-08-01-00.03.06.000000,1533081786,03:03.1,1533081783,03:07.7,1533081788,1.269999981,0,145,1,2018/7/31
100,2018/8/1,2018-08-01-00.03.15.570,00.03.15.57,1460,0,0,7020,JN_027,JOB38268,0,4308,0,0,0,118213,19306,0,BATCH_A,110710,0,0,0,1675,700,118213,19427,MS1,131,0,97707,JES2,USER1,03:14.3,2018-08-01-00.03.14.000000,1533081794,03:13.1,1533081793,03:15.6,1533081796,1.299999714,0,131,0,2018/7/31
100,2018/8/1,2018-08-01-00.03.18.120,00.03.18.12,1461,0,0,7025,JN_027,JOB38280,0,4512,0,0,0,118213,19360,0,BATCH_A,118104,1,0,0,1662,701,118213,19685,MS1,145,0,104905,JES2,USER1,03:16.8,2018-08-01-00.03.16.000000,1533081797,03:13.6,1533081794,03:18.1,1533081798,1.269999981,0,145,1,2018/7/31
100,2018/8/1,2018-08-01-00.03.27.100,00.03.27.10,1460,0,0,7020,JN_027,JOB38391,1,4267,0,0,0,118213,20475,0,BATCH_A,110303,0,0,0,1560,700,118213,20587,MS1,131,0,97456,JES2,USER1,03:25.9,2018-08-01-00.03.25.000000,1533081806,03:24.7,1533081805,03:27.1,1533081807,1.229999781,0,131,1,2018/7/31
100,2018/8/1,2018-08-01-00.03.28.880,00.03.28.88,1460,0,0,7020,JN_027,JOB38407,1,4473,0,0,0,118213,20489,0,BATCH_A,114651,0,0,0,1641,700,118213,20760,MS1,145,0,101517,JES2,USER1,03:27.6,2018-08-01-00.03.27.000000,1533081808,03:24.9,1533081805,03:28.9,1533081809,1.28000021,0,145,1,2018/7/31
100,2018/8/1,2018-08-01-00.03.35.330,00.03.35.33,1460,0,0,7020,JN_027,JOB38458,0,4383,0,0,0,118213,21314,0,BATCH_A,113940,0,0,0,1637,700,118213,21406,MS1,145,0,100900,JES2,USER1,03:34.1,2018-08-01-00.03.34.000000,1533081814,03:33.1,1533081813,03:35.3,1533081815,1.269999981,0,145,0,2018/7/31
100,2018/8/1,2018-08-01-00.03.37.900,00.03.37.90,676,0,0,3100,JN_027,JOB38467,0,4664,0,0,0,118213,21359,0,BATCH_A,109288,0,0,0,1651,633,118213,21666,MS1,131,0,99873,JES2,USER1,03:36.7,2018-08-01-00.03.36.000000,1533081817,03:33.6,1533081814,03:37.9,1533081818,1.24000001,0,131,0,2018/7/31
100,2018/8/1,2018-08-01-00.03.46.060,00.03.46.06,1461,0,0,7025,JN_027,JOB38540,0,4422,0,0,0,118213,22317,0,BATCH_A,114162,0,0,0,1716,701,118213,22477,MS1,145,0,100999,JES2,USER1,03:44.8,2018-08-01-00.03.44.000000,1533081825,03:43.2,1533081823,03:46.1,1533081826,1.289999962,0,145,0,2018/7/31
100,2018/8/1,2018-08-01-00.03.48.540,00.03.48.54,1459,0,0,7015,JN_027,JOB38544,0,4298,0,0,0,118213,22389,0,BATCH_A,112211,1,0,0,1665,699,118213,22737,MS1,131,0,99233,JES2,USER1,03:47.4,2018-08-01-00.03.47.000000,1533081827,03:43.9,1533081824,03:48.5,1533081829,1.170000076,0,131,1,2018/7/31
100,2018/8/1,2018-08-01-00.03.51.190,00.03.51.19,1460,0,0,7020,JN_027,JOB38546,0,4274,0,0,0,118213,22471,0,BATCH_A,110118,0,0,0,1656,700,118213,23000,MS1,131,0,97168,JES2,USER1,03:50.0,2018-08-01-00.03.50.000000,1533081830,03:44.7,1533081825,03:51.2,1533081831,1.190000057,0,131,0,2018/7/31
100,2018/8/1,2018-08-01-00.04.10.310,00.04.10.31,1460,0,0,7020,JN_027,JOB38611,0,4407,0,0,0,118213,23320,0,BATCH_A,113767,0,0,0,1631,700,118213,24878,MS1,145,0,100709,JES2,USER1,04:08.8,2018-08-01-00.04.08.000000,1533081849,03:53.2,1533081833,04:10.3,1533081850,1.53000021,0,145,0,2018/7/31
100,2018/8/1,2018-08-01-00.04.12.810,00.04.12.81,1460,0,0,7020,JN_027,JOB38617,0,4254,0,0,0,118213,23376,0,BATCH_A,109625,0,0,0,1677,700,118213,25156,MS1,131,0,96674,JES2,USER1,04:11.6,2018-08-01-00.04.11.000000,1533081852,03:53.8,1533081834,04:12.8,1533081853,1.25,0,131,0,2018/7/31
100,2018/8/1,2018-08-01-00.04.15.560,00.04.15.56,1554,0,0,7490,JN_027,JOB38618,0,5392,0,0,0,118213,23463,0,BATCH_A,130834,0,0,0,2112,848,118213,25414,MS1,160,0,115840,JES2,USER1,04:14.1,2018-08-01-00.04.14.000000,1533081854,03:54.6,1533081835,04:15.6,1533081856,1.419999838,0,160,0,2018/7/31
100,2018/8/1,2018-08-01-00.04.17.210,00.04.17.21,1460,0,0,7020,JN_027,JOB38633,0,4313,0,0,0,118213,24326,0,BATCH_A,110984,0,0,0,1591,700,118213,25597,MS1,131,0,98060,JES2,USER1,04:16.0,2018-08-01-00.04.15.000000,1533081856,04:03.3,1533081843,04:17.2,1533081857,1.24000001,0,131,0,2018/7/31
100,2018/8/1,2018-08-01-00.04.19.650,00.04.19.65,1463,0,0,7035,JN_027,JOB38634,0,4231,0,0,0,118213,24384,0,BATCH_A,109818,0,0,0,1650,703,118213,25849,MS1,131,0,96902,JES2,USER1,04:18.5,2018-08-01-00.04.18.000000,1533081858,04:03.8,1533081844,04:19.6,1533081860,1.160000086,0,131,0,2018/7/31
100,2018/8/1,2018-08-01-00.04.21.450,00.04.21.45,1464,0,0,7040,JN_027,JOB38697,0,4734,0,0,0,118213,25315,0,BATCH_A,130471,0,0,0,1619,703,118213,26002,MS1,160,0,117078,JES2,USER1,04:20.0,2018-08-01-00.04.20.000000,1533081860,04:13.1,1533081853,04:21.4,1533081861,1.429999828,0,160,0,2018/7/31
100,2018/8/1,2018-08-01-00.04.22.990,00.04.22.99,1460,0,0,7020,JN_027,JOB38702,0,4183,0,0,0,118213,25365,0,BATCH_A,108004,0,0,0,1611,700,118213,26171,MS1,131,0,95190,JES2,USER1,04:21.7,2018-08-01-00.04.21.000000,1533081862,04:13.7,1533081854,04:23.0,1533081863,1.279999971,0,131,0,2018/7/31
100,2018/8/1,2018-08-01-00.04.25.570,00.04.25.57,1460,0,0,7020,JN_027,JOB38707,0,4572,0,0,0,118213,25450,0,BATCH_A,122214,0,0,0,1646,700,118213,26423,MS1,145,0,108976,JES2,USER1,04:24.2,2018-08-01-00.04.24.000000,1533081864,04:14.5,1533081855,04:25.6,1533081866,1.339999914,0,145,0,2018/7/31
100,2018/8/1,2018-08-01-00.04.28.050,00.04.28.05,1463,0,0,7035,JN_027,JOB38748,0,4322,0,0,0,118213,26319,0,BATCH_A,111965,0,0,0,1687,703,118213,26682,MS1,131,0,98921,JES2,USER1,04:26.8,2018-08-01-00.04.26.000000,1533081867,04:23.2,1533081863,04:28.0,1533081868,1.230000019,0,131,0,2018/7/31
100,2018/8/1,2018-08-01-00.04.29.500,00.04.29.50,1458,0,0,7010,JN_027,JOB38755,0,4456,0,0,0,118213,26367,0,BATCH_A,117500,1,0,0,1654,698,118213,26819,MS1,145,0,104380,JES2,USER1,04:28.2,2018-08-01-00.04.28.000000,1533081868,04:23.7,1533081864,04:29.5,1533081870,1.309999943,0,145,1,2018/7/31
100,2018/8/1,2018-08-01-00.04.31.930,00.04.31.93,1458,0,0,7010,JN_027,JOB38763,0,4305,0,0,0,118213,26449,0,BATCH_A,111097,0,0,0,1633,700,118213,27079,MS1,131,0,98149,JES2,USER1,04:30.8,2018-08-01-00.04.30.000000,1533081871,04:24.5,1533081864,04:31.9,1533081872,1.139999628,0,131,0,2018/7/31
100,2018/8/1,2018-08-01-00.04.35.860,00.04.35.86,1456,0,0,7000,JN_027,JOB38838,0,4362,0,0,0,118213,27359,0,BATCH_A,113426,0,0,0,1618,698,118213,27456,MS1,145,0,100446,JES2,USER1,04:34.6,2018-08-01-00.04.34.000000,1533081875,04:33.6,1533081874,04:35.9,1533081876,1.299999952,0,145,0,2018/7/31
100,2018/8/1,2018-08-01-00.04.38.070,00.04.38.07,1515,0,0,7295,JN_027,JOB38845,0,4977,0,0,0,118213,27460,0,BATCH_A,123719,0,0,0,1877,788,118213,27677,MS1,145,0,109570,JES2,USER1,04:36.8,2018-08-01-00.04.36.000000,1533081877,04:34.6,1533081875,04:38.1,1533081878,1.300000191,0,145,0,2018/7/31
100,2018/8/1,2018-08-01-00.04.44.810,00.04.44.81,1457,0,0,7005,JN_027,JOB38865,0,4392,0,0,0,118213,28325,0,BATCH_A,113768,0,0,0,1671,699,118213,28362,MS1,145,0,100700,JES2,USER1,04:43.6,2018-08-01-00.04.43.000000,1533081884,04:43.2,1533081883,04:44.8,1533081885,1.190000057,0,145,0,2018/7/31
100,2018/8/1,2018-08-01-00.04.47.440,00.04.47.44,1456,0,0,7000,JN_027,JOB38869,0,4195,0,0,0,118213,28371,0,BATCH_A,107039,0,0,0,1614,698,118213,28619,MS1,131,0,94230,JES2,USER1,04:46.2,2018-08-01-00.04.46.000000,1533081886,04:43.7,1533081884,04:47.4,1533081887,1.25,0,131,0,2018/7/31
100,2018/8/1,2018-08-01-00.04.56.900,00.04.56.90,670,0,0,3070,JN_027,JOB38898,0,4505,0,0,0,118213,29322,0,BATCH_A,105636,0,0,0,1579,629,118213,29566,MS1,131,0,96482,JES2,USER1,04:55.7,2018-08-01-00.04.55.000000,1533081896,04:53.2,1533081893,04:56.9,1533081897,1.24000001,0,131,0,2018/7/31
100,2018/8/1,2018-08-01-00.04.58.850,00.04.58.85,681,0,0,3125,JN_027,JOB38899,0,4516,0,0,0,118213,29371,0,BATCH_A,107545,0,0,0,1590,656,118213,29766,MS1,131,0,98314,JES2,USER1,04:57.7,2018-08-01-00.04.57.000000,1533081898,04:53.7,1533081894,04:58.9,1533081899,1.189999819,0,131,0,2018/7/31
100,2018/8/1,2018-08-01-00.05.01.960,00.05.01.96,674,0,0,3090,JN_027,JOB38906,0,4779,0,0,0,118213,29456,0,BATCH_A,112080,0,0,0,1612,633,118213,30059,MS1,145,0,102599,JES2,USER1,05:00.6,2018-08-01-00.05.00.000000,1533081901,04:54.6,1533081895,05:02.0,1533081902,1.369999886,0,145,0,2018/7/31
200,2018/8/1,2018-08-01-04.51.43.960,04.51.43.96,105070,0,24,522640,JN_028,JOB55317,0,847524,0,0,0,118213,1739181,0,BATCH_B,13043010,0,990,0,681945,30919,118213,1739238,MS1,16004,15,10990901,JES2,USER1,49:52.4,2018-08-01-04.49.52.000000,1533098992,49:51.8,1533098992,51:44.0,1533099104,111.5799999,15,16994,0,2018/7/31
200,2018/8/1,2018-08-01-00.05.20.980,00.05.20.98,95209,0,15,471550,JN_029,JOB37870,0,6135706,0,0,0,118213,15508,0,BATCH_D,31205918,1,1033,0,710898,50439,118213,15691,MS1,34775,29,23887764,JES2,USER1,02:36.9,2018-08-01-00.02.36.000000,1533081757,02:35.1,1533081755,05:21.0,1533081921,164.0699999,29,35808,1,2018/7/31
200,2018/8/1,2018-08-01-00.05.40.360,00.05.40.36,104975,0,17,518131,JN_030,JOB37837,1,5388976,0,0,0,118213,14944,0,BATCH_D,32473034,1,859,0,599657,49859,118213,15224,MS1,37804,35,25966270,JES2,USER1,02:32.2,2018-08-01-00.02.32.000000,1533081752,02:29.4,1533081749,05:40.4,1533081940,188.1199999,35,38663,2,2018/7/31
200,2018/8/1,2018-08-01-00.04.42.050,00.04.42.05,51024,0,8,254415,JN_031,JOB38243,1,2113091,0,0,0,118213,19106,0,BATCH_D,21164328,0,1601,1,1106857,18709,118213,19250,MS1,25746,18,17689965,JES2,USER1,03:12.5,2018-08-01-00.03.12.000000,1533081793,03:11.1,1533081791,04:42.0,1533081882,89.54999995,19,27347,1,2018/7/31
200,2018/8/1,2018-08-01-00.02.03.300,00.02.03.30,144344,0,23,716305,JN_032,JOB35726,1,5596235,0,0,0,118212,8629793,0,BATCH_D,31932363,11,1485,1,1024469,61211,118212,8630957,MS1,35809,32,24595354,JES2,USER1,58:29.6,2018-07-31-23.58.29.000000,1533081510,58:17.9,1533081498,02:03.3,1533081723,213.73,33,37294,12,2018/7/31
200,2018/8/1,2018-08-01-00.03.03.120,00.03.03.12,28783,0,3,143797,JN_033,JOB37728,0,839645,0,0,0,118213,13310,0,BATCH_D,4135231,1,43,0,34523,14983,118213,13480,MS1,4528,4,3117266,JES2,USER1,02:14.8,2018-08-01-00.02.14.000000,1533081735,02:13.1,1533081733,03:03.1,1533081783,48.31999993,4,4571,1,2018/7/31
200,2018/8/1,2018-08-01-00.05.44.300,00.05.44.30,87295,0,26,436391,JN_034,JOB37709,0,12280521,0,0,0,118213,12657,0,BATCH_D,42540430,1,422,0,292001,66384,118213,12738,MS1,43003,43,29531517,JES2,USER1,02:07.4,2018-08-01-00.02.07.000000,1533081727,02:06.6,1533081727,05:44.3,1533081944,216.9199998,43,43425,1,2018/7/31
200,2018/8/1,2018-08-01-00.02.06.460,00.02.06.46,79354,0,26,396684,JN_035,JOB35343,1,12403240,0,0,0,118212,8625913,0,BATCH_D,42715470,32,393,0,275827,58436,118212,8629150,MS1,43148,43,29639719,JES2,USER1,58:11.5,2018-07-31-23.58.11.000000,1533081492,57:39.1,1533081459,02:06.5,1533081726,234.96,43,43541,33,2018/7/31
200,2018/8/1,2018-08-01-00.01.50.760,00.01.50.76,32383,0,119,161812,JN_036,JOB34163,0,34821209,0,0,0,118212,8608389,0,BATCH_D,105793885,1,553,0,384010,72868,118212,8608395,MS1,102549,101,70426854,JES2,USER1,54:43.9,2018-07-31-23.54.43.000000,1533081284,54:43.9,1533081284,01:50.8,1533081711,426.8099999,101,103102,1,2018/7/31
200,2018/8/1,2018-08-01-00.05.10.280,00.05.10.28,84560,0,13,419804,JN_037,JOB38122,1,5628566,0,0,0,118213,18289,0,BATCH_D,27930460,1,946,0,659456,42796,118213,18429,MS1,30901,25,21222634,JES2,USER1,03:04.3,2018-08-01-00.03.04.000000,1533081784,03:02.9,1533081783,05:10.3,1533081910,125.99,25,31847,2,2018/7/31
200,2018/8/1,2018-08-01-00.02.12.260,00.02.12.26,161088,0,27,802662,JN_038,JOB35674,1,9144340,0,0,0,118212,8629155,0,BATCH_D,47131274,11,2271,2,1560878,65997,118212,8630362,MS1,51871,45,35623394,JES2,USER1,58:23.6,2018-07-31-23.58.23.000000,1533081504,58:11.5,1533081492,02:12.3,1533081732,228.6400001,47,54142,12,2018/7/31
200,2018/8/1,2018-08-01-00.05.32.070,00.05.32.07,447,0,0,2170,JN_039,JOB39463,0,2476,0,0,0,118213,32315,0,BATCH_D,87986,0,0,0,2763,988,118213,32321,MS1,116,0,80577,JES2,USER1,05:23.2,2018-08-01-00.05.23.000000,1533081923,05:23.1,1533081923,05:32.1,1533081932,8.860000372,0,116,0,2018/7/31
200,2018/8/1,2018-08-01-00.02.17.240,00.02.17.24,519,0,0,2530,JN_040,JOB37699,0,3064,0,0,0,118213,12485,0,BATCH_D,108324,1,0,0,2746,1160,118213,12570,MS1,131,0,99984,JES2,USER1,02:05.7,2018-08-01-00.02.05.000000,1533081726,02:04.8,1533081725,02:17.2,1533081737,11.53999996,0,131,1,2018/7/31
200,2018/8/1,2018-08-01-00.05.19.920,00.05.19.92,327,0,0,1570,JN_041,JOB39268,0,1833,0,0,0,118213,31317,0,BATCH_D,61261,0,0,0,1499,660,118213,31410,MS1,72,0,56359,JES2,USER1,05:14.1,2018-08-01-00.05.14.000000,1533081914,05:13.2,1533081913,05:19.9,1533081920,5.820000172,0,72,0,2018/7/31
200,2018/8/1,2018-08-01-00.02.20.390,00.02.20.39,303,0,0,1450,JN_042,JOB37730,0,1690,0,0,0,118213,13366,0,BATCH_D,58984,2,0,0,1291,567,118213,13476,MS1,72,0,54553,JES2,USER1,02:14.8,2018-08-01-00.02.14.000000,1533081735,02:13.7,1533081734,02:20.4,1533081740,5.630000114,0,72,2,2018/7/31
200,2018/8/1,2018-08-01-00.01.00.910,00.01.00.91,1,0,0,0,JN_043,JOB36710,1,9,0,0,0,118213,5384,0,BATCH_D,1163,1,0,0,0,1,118213,6089,MS1,0,0,1154,JES2,USER1,01:00.9,2018-08-01-00.01.00.000000,1533081661,00:53.8,1533081654,01:00.9,1533081661,0.020000219,0,0,2,2018/7/31
200,2018/8/1,2018-08-01-00.01.04.430,00.01.04.43,1,0,0,0,JN_043,JOB36716,0,9,0,0,0,118213,5471,0,BATCH_D,1211,0,0,0,0,1,118213,6438,MS1,0,0,1202,JES2,USER2,01:04.4,2018-08-01-00.01.04.000000,1533081664,00:54.7,1533081655,01:04.4,1533081664,0.049999952,0,0,0,2018/7/31
200,2018/8/1,2018-08-01-00.01.06.130,00.01.06.13,1,0,0,0,JN_043,JOB36717,0,9,0,0,0,118213,5558,0,BATCH_D,1096,0,0,0,0,1,118213,6610,MS1,0,0,1087,JES2,USER2,01:06.1,2018-08-01-00.01.06.000000,1533081666,00:55.6,1533081656,01:06.1,1533081666,0.029999971,0,0,0,2018/7/31
200,2018/8/1,2018-08-01-00.01.09.540,00.01.09.54,1,0,0,0,JN_043,JOB36722,0,64,0,0,0,118213,5560,0,BATCH_D,5604,2,0,0,0,1,118213,6947,MS1,0,0,5540,JES2,USER2,01:09.5,2018-08-01-00.01.09.000000,1533081669,00:55.6,1533081656,01:09.5,1533081670,0.069999933,0,0,2,2018/7/31
200,2018/8/1,2018-08-01-00.01.10.480,00.01.10.48,1,0,0,0,JN_043,JOB36723,0,9,0,0,0,118213,5639,0,BATCH_D,1143,0,0,0,0,1,118213,7040,MS1,0,0,1134,JES2,USER2,01:10.4,2018-08-01-00.01.10.000000,1533081670,00:56.4,1533081656,01:10.5,1533081670,0.079999924,0,0,0,2018/7/31
200,2018/8/1,2018-08-01-00.01.12.070,00.01.12.07,1,0,0,0,JN_043,JOB36724,0,9,0,0,0,118213,5645,0,BATCH_D,1229,0,0,0,0,1,118213,7204,MS1,0,0,1220,JES2,USER2,01:12.0,2018-08-01-00.01.12.000000,1533081672,00:56.4,1533081656,01:12.1,1533081672,0.03000021,0,0,0,2018/7/31
200,2018/8/1,2018-08-01-00.01.12.880,00.01.12.88,1,0,0,0,JN_043,JOB36725,0,9,0,0,0,118213,5723,0,BATCH_D,1080,0,0,0,0,1,118213,7287,MS1,0,0,1071,JES2,USER2,01:12.9,2018-08-01-00.01.12.000000,1533081673,00:57.2,1533081657,01:12.9,1533081673,0.00999999,0,0,0,2018/7/31
200,2018/8/1,2018-08-01-00.01.13.820,00.01.13.82,1,0,0,0,JN_043,JOB36726,0,9,0,0,0,118213,5726,0,BATCH_D,1219,0,0,0,0,1,118213,7378,MS1,0,0,1210,JES2,USER2,01:13.8,2018-08-01-00.01.13.000000,1533081674,00:57.3,1533081657,01:13.8,1533081674,0.039999962,0,0,0,2018/7/31
200,2018/8/1,2018-08-01-00.01.14.800,00.01.14.80,1,0,0,0,JN_043,JOB36730,0,9,0,0,0,118213,5730,0,BATCH_D,1121,0,0,0,0,1,118213,7476,MS1,0,0,1112,JES2,USER2,01:14.8,2018-08-01-00.01.14.000000,1533081675,00:57.3,1533081657,01:14.8,1533081675,0.039999962,0,0,0,2018/7/31
200,2018/8/1,2018-08-01-00.01.16.430,00.01.16.43,1,0,0,0,JN_043,JOB36731,0,9,0,0,0,118213,5810,0,BATCH_D,1168,0,0,0,0,1,118213,7640,MS1,0,0,1159,JES2,USER2,01:16.4,2018-08-01-00.01.16.000000,1533081676,00:58.1,1533081658,01:16.4,1533081676,0.029999971,0,0,0,2018/7/31
200,2018/8/1,2018-08-01-00.01.17.310,00.01.17.31,1,0,0,0,JN_043,JOB36732,0,9,0,0,0,118213,5812,0,BATCH_D,1093,0,0,0,0,1,118213,7729,MS1,0,0,1084,JES2,USER2,01:17.3,2018-08-01-00.01.17.000000,1533081677,00:58.1,1533081658,01:17.3,1533081677,0.020000219,0,0,0,2018/7/31
200,2018/8/1,2018-08-01-00.01.18.220,00.01.18.22,1,0,0,0,JN_043,JOB36734,1,9,0,0,0,118213,5815,0,BATCH_D,1184,0,0,0,0,1,118213,7820,MS1,0,0,1175,JES2,USER2,01:18.2,2018-08-01-00.01.18.000000,1533081678,00:58.1,1533081658,01:18.2,1533081678,0.019999981,0,0,1,2018/7/31
200,2018/8/1,2018-08-01-00.01.19.100,00.01.19.10,1,0,0,0,JN_043,JOB36737,0,9,0,0,0,118213,5825,0,BATCH_D,1229,0,0,0,0,1,118213,7904,MS1,0,0,1220,JES2,USER2,01:19.0,2018-08-01-00.01.19.000000,1533081679,00:58.2,1533081658,01:19.1,1533081679,0.059999943,0,0,0,2018/7/31
200,2018/8/1,2018-08-01-00.01.20.750,00.01.20.75,1,0,0,0,JN_043,JOB36738,0,9,0,0,0,118213,5902,0,BATCH_D,1021,0,0,0,0,1,118213,8074,MS1,0,0,1012,JES2,USER2,01:20.7,2018-08-01-00.01.20.000000,1533081681,00:59.0,1533081659,01:20.7,1533081681,0.010000229,0,0,0,2018/7/31
200,2018/8/1,2018-08-01-00.01.21.680,00.01.21.68,1,0,0,0,JN_043,JOB36739,0,9,0,0,0,118213,5904,0,BATCH_D,1348,1,0,0,0,1,118213,8164,MS1,0,0,1339,JES2,USER2,01:21.6,2018-08-01-00.01.21.000000,1533081682,00:59.0,1533081659,01:21.7,1533081682,0.039999962,0,0,1,2018/7/31
200,2018/8/1,2018-08-01-00.01.22.510,00.01.22.51,1,0,0,0,JN_043,JOB36742,1,9,0,0,0,118213,5906,0,BATCH_D,1086,0,0,0,0,1,118213,8248,MS1,0,0,1077,JES2,USER2,01:22.5,2018-08-01-00.01.22.000000,1533081682,00:59.1,1533081659,01:22.5,1533081683,0.03000021,0,0,1,2018/7/31
200,2018/8/1,2018-08-01-00.01.24.200,00.01.24.20,1,0,0,0,JN_043,JOB36746,0,9,0,0,0,118213,5915,0,BATCH_D,1288,0,0,0,0,1,118213,8417,MS1,0,0,1279,JES2,USER2,01:24.2,2018-08-01-00.01.24.000000,1533081684,00:59.1,1533081659,01:24.2,1533081684,0.03000021,0,0,0,2018/7/31
200,2018/8/1,2018-08-01-00.01.24.850,00.01.24.85,1,0,0,0,JN_043,JOB36747,0,9,0,0,0,118213,5997,0,BATCH_D,1135,0,0,0,0,1,118213,8481,MS1,0,0,1126,JES2,USER2,01:24.8,2018-08-01-00.01.24.000000,1533081685,01:00.0,1533081660,01:24.8,1533081685,0.039999962,0,0,0,2018/7/31
200,2018/8/1,2018-08-01-00.01.41.200,00.01.41.20,1,0,0,0,JN_044,JOB37535,0,28,0,0,0,118213,9936,0,BATCH_D,1490,0,0,0,0,1,118213,10116,MS1,0,0,1462,JES2,USER1,01:41.2,2018-08-01-00.01.41.000000,1533081701,01:39.4,1533081699,01:41.2,1533081701,0.039999962,0,0,0,2018/7/31
200,2018/8/1,2018-08-01-00.01.42.050,00.01.42.05,1,0,0,0,JN_044,JOB37540,1,14,0,0,0,118213,9974,0,BATCH_D,1120,0,0,0,0,1,118213,10202,MS1,0,0,1106,JES2,USER1,01:42.0,2018-08-01-00.01.42.000000,1533081702,01:39.7,1533081700,01:42.1,1533081702,0.029999971,0,0,1,2018/7/31
200,2018/8/1,2018-08-01-00.01.42.900,00.01.42.90,1,0,0,0,JN_044,JOB37544,1,14,0,0,0,118213,10047,0,BATCH_D,1277,0,0,0,0,1,118213,10287,MS1,0,0,1263,JES2,USER1,01:42.9,2018-08-01-00.01.42.000000,1533081703,01:40.5,1533081700,01:42.9,1533081703,0.029999971,0,0,1,2018/7/31
200,2018/8/1,2018-08-01-00.01.43.780,00.01.43.78,1,0,0,0,JN_044,JOB37553,0,58,0,0,0,118213,10143,0,BATCH_D,2926,0,0,0,0,1,118213,10375,MS1,0,0,2868,JES2,USER1,01:43.7,2018-08-01-00.01.43.000000,1533081704,01:41.4,1533081701,01:43.8,1533081704,0.029999733,0,0,0,2018/7/31
200,2018/8/1,2018-08-01-00.01.44.780,00.01.44.78,1,0,0,0,JN_044,JOB37561,0,14,0,0,0,118213,10212,0,BATCH_D,1341,0,0,0,0,1,118213,10474,MS1,0,0,1327,JES2,USER1,01:44.7,2018-08-01-00.01.44.000000,1533081705,01:42.1,1533081702,01:44.8,1533081705,0.039999962,0,0,0,2018/7/31
200,2018/8/1,2018-08-01-00.01.45.590,00.01.45.59,1,0,0,0,JN_044,JOB37562,0,14,0,0,0,118213,10291,0,BATCH_D,1216,0,0,0,0,1,118213,10556,MS1,0,0,1202,JES2,USER1,01:45.6,2018-08-01-00.01.45.000000,1533081706,01:42.9,1533081703,01:45.6,1533081706,0.03000021,0,0,0,2018/7/31
200,2018/8/1,2018-08-01-00.01.47.270,00.01.47.27,1,0,0,0,JN_044,JOB37563,1,14,0,0,0,118213,10295,0,BATCH_D,1002,0,0,0,0,1,118213,10721,MS1,0,0,988,JES2,USER1,01:47.2,2018-08-01-00.01.47.000000,1533081707,01:42.9,1533081703,01:47.3,1533081707,0.06000042,0,0,1,2018/7/31
200,2018/8/1,2018-08-01-00.01.48.120,00.01.48.12,1,0,0,0,JN_044,JOB37578,0,14,0,0,0,118213,10298,0,BATCH_D,1077,0,0,0,0,1,118213,10811,MS1,0,0,1063,JES2,USER1,01:48.1,2018-08-01-00.01.48.000000,1533081708,01:43.0,1533081703,01:48.1,1533081708,0.009999752,0,0,0,2018/7/31
200,2018/8/1,2018-08-01-00.01.49.000,00.01.49.00,1,0,0,0,JN_044,JOB37579,1,14,0,0,0,118213,10379,0,BATCH_D,1259,0,0,0,0,1,118213,10895,MS1,0,0,1245,JES2,USER1,01:48.9,2018-08-01-00.01.48.000000,1533081709,01:43.8,1533081704,01:49.0,1533081709,0.049999952,0,0,1,2018/7/31
200,2018/8/1,2018-08-01-00.01.49.850,00.01.49.85,1,0,0,0,JN_044,JOB37588,0,14,0,0,0,118213,10382,0,BATCH_D,1168,0,0,0,0,1,118213,10980,MS1,0,0,1154,JES2,USER1,01:49.8,2018-08-01-00.01.49.000000,1533081710,01:43.8,1533081704,01:49.8,1533081710,0.049999952,0,0,0,2018/7/31
200,2018/8/1,2018-08-01-00.01.50.660,00.01.50.66,1,0,0,0,JN_044,JOB37597,0,14,0,0,0,118213,10478,0,BATCH_D,1058,0,0,0,0,1,118213,11065,MS1,0,0,1044,JES2,USER1,01:50.6,2018-08-01-00.01.50.000000,1533081711,01:44.8,1533081705,01:50.7,1533081711,0.010000229,0,0,0,2018/7/31
200,2018/8/1,2018-08-01-00.01.51.550,00.01.51.55,1,0,0,0,JN_044,JOB37598,0,13,0,0,0,118213,10555,0,BATCH_D,1066,0,0,0,0,1,118213,11148,MS1,0,0,1053,JES2,USER1,01:51.5,2018-08-01-00.01.51.000000,1533081711,01:45.5,1533081706,01:51.5,1533081712,0.070000172,0,0,0,2018/7/31
200,2018/8/1,2018-08-01-00.01.53.300,00.01.53.30,1,0,0,0,JN_044,JOB37599,0,13,0,0,0,118213,10560,0,BATCH_D,1096,0,0,0,0,1,118213,11326,MS1,0,0,1083,JES2,USER1,01:53.3,2018-08-01-00.01.53.000000,1533081713,01:45.6,1533081706,01:53.3,1533081713,0.039999962,0,0,0,2018/7/31
200,2018/8/1,2018-08-01-00.01.54.190,00.01.54.19,1,0,0,0,JN_044,JOB37607,1,13,0,0,0,118213,10642,0,BATCH_D,1006,0,0,0,0,1,118213,11418,MS1,0,0,993,JES2,USER1,01:54.2,2018-08-01-00.01.54.000000,1533081714,01:46.4,1533081706,01:54.2,1533081714,0.00999999,0,0,1,2018/7/31
200,2018/8/1,2018-08-01-00.01.55.040,00.01.55.04,1,0,0,0,JN_044,JOB37610,0,13,0,0,0,118213,10650,0,BATCH_D,1166,0,0,0,0,1,118213,11500,MS1,0,0,1153,JES2,USER1,01:55.0,2018-08-01-00.01.55.000000,1533081715,01:46.5,1533081707,01:55.0,1533081715,0.039999962,0,0,0,2018/7/31
200,2018/8/1,2018-08-01-00.01.56.930,00.01.56.93,1,0,0,0,JN_044,JOB37611,1,13,0,0,0,118213,10728,0,BATCH_D,1022,0,0,0,0,1,118213,11692,MS1,0,0,1009,JES2,USER1,01:56.9,2018-08-01-00.01.56.000000,1533081717,01:47.3,1533081707,01:56.9,1533081717,0.009999752,0,0,1,2018/7/31
200,2018/8/1,2018-08-01-00.01.57.890,00.01.57.89,1,0,0,0,JN_044,JOB37613,0,13,0,0,0,118213,10732,0,BATCH_D,1290,0,0,0,0,1,118213,11781,MS1,0,0,1277,JES2,USER1,01:57.8,2018-08-01-00.01.57.000000,1533081718,01:47.3,1533081707,01:57.9,1533081718,0.079999924,0,0,0,2018/7/31
200,2018/8/1,2018-08-01-00.01.58.770,00.01.58.77,1,0,0,0,JN_044,JOB37614,0,13,0,0,0,118213,10812,0,BATCH_D,1115,0,0,0,0,1,118213,11870,MS1,0,0,1102,JES2,USER1,01:58.7,2018-08-01-00.01.58.000000,1533081719,01:48.1,1533081708,01:58.8,1533081719,0.069999933,0,0,0,2018/7/31
200,2018/8/1,2018-08-01-00.01.59.650,00.01.59.65,1,0,0,0,JN_044,JOB37615,0,13,0,0,0,118213,10814,0,BATCH_D,1128,0,0,0,0,1,118213,11960,MS1,0,0,1115,JES2,USER1,01:59.6,2018-08-01-00.01.59.000000,1533081720,01:48.1,1533081708,01:59.6,1533081720,0.049999952,0,0,0,2018/7/31
200,2018/8/1,2018-08-01-00.02.02.260,00.02.02.26,1,0,0,0,JN_044,JOB37618,0,13,0,0,0,118213,10899,0,BATCH_D,983,0,0,0,0,1,118213,12221,MS1,0,0,970,JES2,USER1,02:02.2,2018-08-01-00.02.02.000000,1533081722,01:49.0,1533081709,02:02.3,1533081722,0.050000191,0,0,0,2018/7/31
200,2018/8/1,2018-08-01-00.02.03.980,00.02.03.98,1,0,0,0,JN_044,JOB37620,1,14,0,0,0,118213,10980,0,BATCH_D,1218,0,0,0,0,1,118213,12395,MS1,0,0,1204,JES2,USER1,02:03.9,2018-08-01-00.02.03.000000,1533081724,01:49.8,1533081710,02:04.0,1533081724,0.029999971,0,0,1,2018/7/31
200,2018/8/1,2018-08-01-00.02.05.720,00.02.05.72,1,0,0,0,JN_044,JOB37625,0,14,0,0,0,118213,10986,0,BATCH_D,1186,0,0,0,0,1,118213,12570,MS1,0,0,1172,JES2,USER1,02:05.7,2018-08-01-00.02.05.000000,1533081726,01:49.9,1533081710,02:05.7,1533081726,0.019999981,0,0,0,2018/7/31
200,2018/8/1,2018-08-01-00.01.00.850,00.01.00.85,1,0,0,0,JN_045,JOB36263,0,9,0,0,0,118212,8637016,0,BATCH_D,1209,1,0,0,0,1,118213,6082,MS1,0,0,1200,JES2,USER1,01:00.8,2018-08-01-00.01.00.000000,1533081661,59:30.2,1533081570,01:00.8,1533081661,0.029999971,0,0,1,2018/7/31
200,2018/8/1,2018-08-01-00.01.04.470,00.01.04.47,1,0,0,0,JN_045,JOB36264,1,9,0,0,0,118212,8637021,0,BATCH_D,1025,0,0,0,0,1,118213,6447,MS1,0,0,1016,JES2,USER2,01:04.5,2018-08-01-00.01.04.000000,1533081664,59:30.2,1533081570,01:04.5,1533081664,0,0,0,1,2018/7/31
200,2018/8/1,2018-08-01-00.01.06.180,00.01.06.18,1,0,0,0,JN_045,JOB36269,0,9,0,0,0,118212,8637025,0,BATCH_D,1098,0,0,0,0,1,118213,6617,MS1,0,0,1089,JES2,USER2,01:06.2,2018-08-01-00.01.06.000000,1533081666,59:30.2,1533081570,01:06.2,1533081666,0.010000229,0,0,0,2018/7/31
200,2018/8/1,2018-08-01-00.01.07.780,00.01.07.78,1,0,0,0,JN_045,JOB36270,0,9,0,0,0,118212,8637089,0,BATCH_D,1208,0,0,0,0,1,118213,6776,MS1,0,0,1199,JES2,USER2,01:07.8,2018-08-01-00.01.07.000000,1533081668,59:30.9,1533081571,01:07.8,1533081668,0.019999981,0,0,0,2018/7/31
200,2018/8/1,2018-08-01-00.01.08.630,00.01.08.63,1,0,0,0,JN_045,JOB36275,0,9,0,0,0,118212,8637093,0,BATCH_D,1105,0,0,0,0,1,118213,6862,MS1,0,0,1096,JES2,USER2,01:08.6,2018-08-01-00.01.08.000000,1533081669,59:30.9,1533081571,01:08.6,1533081669,0.010000229,0,0,0,2018/7/31
200,2018/8/1,2018-08-01-00.01.08.760,00.01.08.76,1,0,0,0,JN_045,JOB36284,0,9,0,0,0,118212,8637157,0,BATCH_D,1181,0,0,0,0,1,118213,6872,MS1,0,0,1172,JES2,USER2,01:08.7,2018-08-01-00.01.08.000000,1533081669,59:31.6,1533081572,01:08.8,1533081669,0.039999962,0,0,0,2018/7/31
200,2018/8/1,2018-08-01-00.01.10.350,00.01.10.35,1,0,0,0,JN_045,JOB36285,0,9,0,0,0,118212,8637217,0,BATCH_D,1149,1,0,0,0,1,118213,7032,MS1,0,0,1140,JES2,USER2,01:10.3,2018-08-01-00.01.10.000000,1533081670,59:32.2,1533081572,01:10.3,1533081670,0.03000021,0,0,1,2018/7/31
200,2018/8/1,2018-08-01-00.01.12.150,00.01.12.15,1,0,0,0,JN_045,JOB36290,0,9,0,0,0,118212,8637224,0,BATCH_D,1106,1,0,0,0,1,118213,7210,MS1,0,0,1097,JES2,USER2,01:12.1,2018-08-01-00.01.12.000000,1533081672,59:32.2,1533081572,01:12.2,1533081672,0.050000191,0,0,1,2018/7/31
200,2018/8/1,2018-08-01-00.01.14.710,00.01.14.71,1,0,0,0,JN_045,JOB36291,0,9,0,0,0,118212,8637301,0,BATCH_D,1131,1,0,0,0,1,118213,7470,MS1,0,0,1122,JES2,USER2,01:14.7,2018-08-01-00.01.14.000000,1533081675,59:33.0,1533081573,01:14.7,1533081675,0.00999999,0,0,1,2018/7/31
200,2018/8/1,2018-08-01-00.01.15.560,00.01.15.56,1,0,0,0,JN_045,JOB36295,0,9,0,0,0,118212,8637306,0,BATCH_D,1134,1,0,0,0,1,118213,7555,MS1,0,0,1125,JES2,USER2,01:15.5,2018-08-01-00.01.15.000000,1533081676,59:33.1,1533081573,01:15.6,1533081676,0.009999752,0,0,1,2018/7/31
200,2018/8/1,2018-08-01-00.01.16.500,00.01.16.50,1,0,0,0,JN_045,JOB36296,0,9,0,0,0,118212,8637375,0,BATCH_D,1162,0,0,0,0,1,118213,7646,MS1,0,0,1153,JES2,USER2,01:16.5,2018-08-01-00.01.16.000000,1533081676,59:33.8,1533081574,01:16.5,1533081677,0.039999962,0,0,0,2018/7/31
200,2018/8/1,2018-08-01-00.01.17.360,00.01.17.36,1,0,0,0,JN_045,JOB36301,0,18,0,0,0,118212,8637379,0,BATCH_D,1566,1,0,0,0,1,118213,7735,MS1,0,0,1548,JES2,USER2,01:17.3,2018-08-01-00.01.17.000000,1533081677,59:33.8,1533081574,01:17.4,1533081677,0.009999752,0,0,1,2018/7/31
200,2018/8/1,2018-08-01-00.01.18.270,00.01.18.27,1,0,0,0,JN_045,JOB36309,0,9,0,0,0,118212,8637452,0,BATCH_D,1062,0,0,0,0,1,118213,7825,MS1,0,0,1053,JES2,USER2,01:18.2,2018-08-01-00.01.18.000000,1533081678,59:34.5,1533081575,01:18.3,1533081678,0.020000458,0,0,0,2018/7/31
200,2018/8/1,2018-08-01-00.01.19.930,00.01.19.93,1,0,0,0,JN_045,JOB36310,0,9,0,0,0,118212,8637527,0,BATCH_D,1031,1,0,0,0,1,118213,7987,MS1,0,0,1022,JES2,USER2,01:19.9,2018-08-01-00.01.19.000000,1533081680,59:35.3,1533081575,01:19.9,1533081680,0.059999704,0,0,1,2018/7/31
200,2018/8/1,2018-08-01-00.01.20.820,00.01.20.82,1,0,0,0,JN_045,JOB36315,0,9,0,0,0,118212,8637530,0,BATCH_D,1137,0,0,0,0,1,118213,8077,MS1,0,0,1128,JES2,USER2,01:20.8,2018-08-01-00.01.20.000000,1533081681,59:35.3,1533081575,01:20.8,1533081681,0.049999952,0,0,0,2018/7/31
200,2018/8/1,2018-08-01-00.01.22.460,00.01.22.46,1,0,0,0,JN_045,JOB36316,0,9,0,0,0,118212,8637590,0,BATCH_D,988,0,0,0,0,1,118213,8242,MS1,0,0,979,JES2,USER2,01:22.4,2018-08-01-00.01.22.000000,1533081682,59:35.9,1533081576,01:22.5,1533081682,0.039999962,0,0,0,2018/7/31
200,2018/8/1,2018-08-01-00.01.23.310,00.01.23.31,1,0,0,0,JN_045,JOB36319,0,9,0,0,0,118212,8637593,0,BATCH_D,1004,0,0,0,0,1,118213,8330,MS1,0,0,995,JES2,USER2,01:23.3,2018-08-01-00.01.23.000000,1533081683,59:35.9,1533081576,01:23.3,1533081683,0.010000229,0,0,0,2018/7/31
200,2018/8/1,2018-08-01-00.04.30.800,00.04.30.80,1,0,0,0,JN_046,JOB38426,0,15,0,0,0,118213,20731,0,BATCH_D,1288,63,0,0,0,1,118213,27075,MS1,0,0,1273,JES2,USER1,04:30.7,2018-08-01-00.04.30.000000,1533081871,03:27.3,1533081807,04:30.8,1533081871,0.049999714,0,0,63,2018/7/31
200,2018/8/1,2018-08-01-00.04.32.470,00.04.32.47,1,0,0,0,JN_046,JOB38434,0,15,0,0,0,118213,20804,0,BATCH_D,1256,0,0,0,0,1,118213,27245,MS1,0,0,1241,JES2,USER1,04:32.4,2018-08-01-00.04.32.000000,1533081872,03:28.0,1533081808,04:32.5,1533081872,0.020000219,0,0,0,2018/7/31
200,2018/8/1,2018-08-01-00.04.42.660,00.04.42.66,1,0,0,0,JN_047,JOB38440,1,9,0,0,0,118213,20856,0,BATCH_D,1263,10,0,0,0,1,118213,28263,MS1,0,0,1254,JES2,USER1,04:42.6,2018-08-01-00.04.42.000000,1533081883,03:28.6,1533081809,04:42.7,1533081883,0.029999971,0,0,11,2018/7/31
200,2018/8/1,2018-08-01-00.04.43.590,00.04.43.59,1,0,0,0,JN_048,JOB38446,0,9,0,0,0,118213,21118,0,BATCH_D,1215,0,0,0,0,1,118213,28353,MS1,0,0,1206,JES2,USER1,04:43.5,2018-08-01-00.04.43.000000,1533081884,03:31.2,1533081811,04:43.6,1533081884,0.060000181,0,0,0,2018/7/31
200,2018/8/1,2018-08-01-00.04.57.580,00.04.57.58,1,0,0,0,JN_049,JOB38451,0,15,0,0,0,118213,21176,0,BATCH_D,1291,13,0,0,0,1,118213,29757,MS1,0,0,1276,JES2,USER1,04:57.6,2018-08-01-00.04.57.000000,1533081898,03:31.8,1533081812,04:57.6,1533081898,0.00999999,0,0,13,2018/7/31
200,2018/8/1,2018-08-01-00.04.58.730,00.04.58.73,1,0,0,0,JN_050,JOB38452,0,15,0,0,0,118213,21237,0,BATCH_D,1222,0,0,0,0,1,118213,29870,MS1,0,0,1207,JES2,USER1,04:58.7,2018-08-01-00.04.58.000000,1533081899,03:32.4,1533081812,04:58.7,1533081899,0.029999733,0,0,0,2018/7/31
200,2018/8/1,2018-08-01-00.04.59.610,00.04.59.61,1,0,0,0,JN_051,JOB38453,0,30,0,0,0,118213,21242,0,BATCH_D,1527,0,0,0,0,1,118213,29957,MS1,0,0,1497,JES2,USER1,04:59.6,2018-08-01-00.04.59.000000,1533081900,03:32.4,1533081812,04:59.6,1533081900,0.039999962,0,0,0,2018/7/31
200,2018/8/1,2018-08-01-00.05.10.420,00.05.10.42,1,0,0,0,JN_052,JOB38456,0,17,0,0,0,118213,21245,0,BATCH_D,1370,0,0,0,0,1,118213,31040,MS1,0,0,1353,JES2,USER1,05:10.4,2018-08-01-00.05.10.000000,1533081910,03:32.4,1533081812,05:10.4,1533081910,0.019999981,0,0,0,2018/7/31
200,2018/8/1,2018-08-01-00.05.14.070,00.05.14.07,1,0,0,0,JN_053,JOB38459,0,17,0,0,0,118213,21316,0,BATCH_D,1321,0,0,0,0,1,118213,31406,MS1,0,0,1304,JES2,USER1,05:14.1,2018-08-01-00.05.14.000000,1533081914,03:33.2,1533081813,05:14.1,1533081914,0.010000229,0,0,0,2018/7/31
200,2018/8/1,2018-08-01-00.05.17.110,00.05.17.11,1,0,0,0,JN_054,JOB38460,1,17,0,0,0,118213,21319,0,BATCH_D,1211,0,0,0,0,1,118213,31704,MS1,0,0,1194,JES2,USER1,05:17.0,2018-08-01-00.05.17.000000,1533081917,03:33.2,1533081813,05:17.1,1533081917,0.070000172,0,0,1,2018/7/31
200,2018/8/1,2018-08-01-00.05.20.520,00.05.20.52,1,0,0,0,JN_055,JOB38465,0,15,0,0,0,118213,21323,0,BATCH_D,1140,0,0,0,0,1,118213,32050,MS1,0,0,1125,JES2,USER1,05:20.5,2018-08-01-00.05.20.000000,1533081921,03:33.2,1533081813,05:20.5,1533081921,0.019999981,0,0,0,2018/7/31
200,2018/8/1,2018-08-01-00.05.21.420,00.05.21.42,1,0,0,0,JN_056,JOB38468,1,175,0,0,0,118213,21405,0,BATCH_D,9279,0,0,0,0,1,118213,32138,MS1,0,0,9104,JES2,USER1,05:21.4,2018-08-01-00.05.21.000000,1533081921,03:34.0,1533081814,05:21.4,1533081921,0.039999962,0,0,1,2018/7/31
200,2018/8/1,2018-08-01-00.05.32.230,00.05.32.23,1,0,0,0,JN_057,JOB38470,0,14,0,0,0,118213,21407,0,BATCH_D,1074,8,0,0,0,1,118213,33222,MS1,0,0,1060,JES2,USER1,05:32.2,2018-08-01-00.05.32.000000,1533081932,03:34.1,1533081814,05:32.2,1533081932,0.00999999,0,0,8,2018/7/31
200,2018/8/1,2018-08-01-00.05.40.520,00.05.40.52,1,0,0,0,JN_058,JOB38471,0,14,0,0,0,118213,21492,0,BATCH_D,1100,7,0,0,0,1,118213,34051,MS1,0,0,1086,JES2,USER1,05:40.5,2018-08-01-00.05.40.000000,1533081941,03:34.9,1533081815,05:40.5,1533081941,0.009999752,0,0,7,2018/7/31
200,2018/8/1,2018-08-01-00.05.42.350,00.05.42.35,1,0,0,0,JN_059,JOB38475,0,14,0,0,0,118213,21497,0,BATCH_D,1186,0,0,0,0,1,118213,34231,MS1,0,0,1172,JES2,USER1,05:42.3,2018-08-01-00.05.42.000000,1533081942,03:35.0,1533081815,05:42.3,1533081942,0.039999962,0,0,0,2018/7/31
200,2018/8/1,2018-08-01-00.05.43.290,00.05.43.29,1,0,0,0,JN_060,JOB38476,0,14,0,0,0,118213,21574,0,BATCH_D,1182,0,0,0,0,1,118213,34326,MS1,0,0,1168,JES2,USER1,05:43.3,2018-08-01-00.05.43.000000,1533081943,03:35.7,1533081816,05:43.3,1533081943,0.029999971,0,0,0,2018/7/31
200,2018/8/1,2018-08-01-00.05.44.890,00.05.44.89,1,0,0,0,JN_061,JOB38477,0,14,0,0,0,118213,21577,0,BATCH_D,1044,1,0,0,0,1,118213,34486,MS1,0,0,1030,JES2,USER1,05:44.9,2018-08-01-00.05.44.000000,1533081945,03:35.8,1533081816,05:44.9,1533081945,0.029999971,0,0,1,2018/7/31
200,2018/8/1,2018-08-01-00.05.55.560,00.05.55.56,1,0,0,0,JN_062,JOB38488,0,266,0,0,0,118213,21581,0,BATCH_D,12670,9,0,0,0,1,118213,35552,MS1,14,0,12404,JES2,USER1,05:55.5,2018-08-01-00.05.55.000000,1533081956,03:35.8,1533081816,05:55.6,1533081956,0.039999962,0,14,9,2018/7/31
200,2018/8/1,2018-08-01-00.01.00.000,00.01.00.00,1,0,0,0,JN_063,JOB36401,0,9,0,0,0,118212,8638917,0,BATCH_D,1112,1,0,0,0,1,118213,5995,MS1,0,0,1103,JES2,USER1,00:59.9,2018-08-01-00.00.59.000000,1533081660,59:49.2,1533081589,01:00.0,1533081660,0.049999952,0,0,1,2018/7/31
200,2018/8/1,2018-08-01-00.01.05.270,00.01.05.27,1,0,0,0,JN_064,JOB36402,0,9,0,0,0,118212,8638921,0,BATCH_D,1171,1,0,0,0,1,118213,6522,MS1,0,0,1162,JES2,USER2,01:05.2,2018-08-01-00.01.05.000000,1533081665,59:49.2,1533081589,01:05.3,1533081665,0.050000191,0,0,1,2018/7/31
200,2018/8/1,2018-08-01-00.01.07.020,00.01.07.02,1,0,0,0,JN_065,JOB36403,0,9,0,0,0,118212,8638991,0,BATCH_D,1172,1,0,0,0,1,118213,6696,MS1,0,0,1163,JES2,USER2,01:07.0,2018-08-01-00.01.06.000000,1533081667,59:49.9,1533081590,01:07.0,1533081667,0.059999943,0,0,1,2018/7/31
200,2018/8/1,2018-08-01-00.01.07.910,00.01.07.91,1,0,0,0,JN_066,JOB36410,0,9,0,0,0,118212,8638995,0,BATCH_D,1364,0,0,0,0,1,118213,6785,MS1,0,0,1355,JES2,USER2,01:07.8,2018-08-01-00.01.07.000000,1533081668,59:49.9,1533081590,01:07.9,1533081668,0.060000181,0,0,0,2018/7/31
200,2018/8/1,2018-08-01-00.01.08.670,00.01.08.67,1,0,0,0,JN_067,JOB36413,0,9,0,0,0,118212,8639059,0,BATCH_D,926,0,0,0,0,1,118213,6866,MS1,0,0,917,JES2,USER2,01:08.7,2018-08-01-00.01.08.000000,1533081669,59:50.6,1533081591,01:08.7,1533081669,0.00999999,0,0,0,2018/7/31
200,2018/8/1,2018-08-01-00.04.31.600,00.04.31.60,1,0,0,0,JN_068,JOB38526,0,15,0,0,0,118213,22215,0,BATCH_D,1262,49,0,0,0,1,118213,27159,MS1,0,0,1247,JES2,USER1,04:31.6,2018-08-01-00.04.31.000000,1533081872,03:42.1,1533081822,04:31.6,1533081872,0.009999752,0,0,49,2018/7/31
200,2018/8/1,2018-08-01-00.04.42.700,00.04.42.70,1,0,0,0,JN_069,JOB38531,0,18,0,0,0,118213,22217,0,BATCH_D,1842,10,0,0,0,1,118213,28268,MS1,0,0,1824,JES2,USER1,04:42.7,2018-08-01-00.04.42.000000,1533081883,03:42.2,1533081822,04:42.7,1533081883,0.019999981,0,0,10,2018/7/31
200,2018/8/1,2018-08-01-00.04.44.460,00.04.44.46,1,0,0,0,JN_070,JOB38533,0,9,0,0,0,118213,22300,0,BATCH_D,1194,1,0,0,0,1,118213,28446,MS1,0,0,1185,JES2,USER1,04:44.5,2018-08-01-00.04.44.000000,1533081884,03:43.0,1533081823,04:44.5,1533081884,0,0,0,1,2018/7/31
200,2018/8/1,2018-08-01-00.04.57.640,00.04.57.64,1,0,0,0,JN_071,JOB38539,0,15,0,0,0,118213,22302,0,BATCH_D,1122,12,0,0,0,1,118213,29761,MS1,0,0,1107,JES2,USER1,04:57.6,2018-08-01-00.04.57.000000,1533081898,03:43.0,1533081823,04:57.6,1533081898,0.03000021,0,0,12,2018/7/31
200,2018/8/1,2018-08-01-00.04.58.800,00.04.58.80,1,0,0,0,JN_072,JOB38545,0,124,0,0,0,118213,22390,0,BATCH_D,6286,0,0,0,0,1,118213,29875,MS1,0,0,6162,JES2,USER1,04:58.7,2018-08-01-00.04.58.000000,1533081899,03:43.9,1533081824,04:58.8,1533081899,0.049999714,0,0,0,2018/7/31
200,2018/8/1,2018-08-01-00.04.59.670,00.04.59.67,1,0,0,0,JN_073,JOB38547,1,15,0,0,0,118213,22472,0,BATCH_D,1192,1,0,0,0,1,118213,29965,MS1,0,0,1177,JES2,USER1,04:59.6,2018-08-01-00.04.59.000000,1533081900,03:44.7,1533081825,04:59.7,1533081900,0.020000219,0,0,2,2018/7/31
200,2018/8/1,2018-08-01-00.05.11.220,00.05.11.22,1,0,0,0,JN_074,JOB38552,0,17,0,0,0,118213,22475,0,BATCH_D,1201,1,0,0,0,1,118213,31120,MS1,0,0,1184,JES2,USER1,05:11.2,2018-08-01-00.05.11.000000,1533081911,03:44.7,1533081825,05:11.2,1533081911,0.019999981,0,0,1,2018/7/31
200,2018/8/1,2018-08-01-00.05.14.070,00.05.14.07,1,0,0,0,JN_075,JOB38553,0,15,0,0,0,118213,22558,0,BATCH_D,932,0,0,0,0,1,118213,31406,MS1,0,0,917,JES2,USER1,05:14.1,2018-08-01-00.05.14.000000,1533081914,03:45.6,1533081826,05:14.1,1533081914,0.010000229,0,0,0,2018/7/31
200,2018/8/1,2018-08-01-00.05.18.080,00.05.18.08,1,0,0,0,JN_076,JOB38554,1,17,0,0,0,118213,22560,0,BATCH_D,1357,1,0,0,0,1,118213,31799,MS1,0,0,1340,JES2,USER1,05:18.0,2018-08-01-00.05.17.000000,1533081918,03:45.6,1533081826,05:18.1,1533081918,0.089999914,0,0,2,2018/7/31
200,2018/8/1,2018-08-01-00.05.21.420,00.05.21.42,1,0,0,0,JN_077,JOB38563,0,203,0,0,0,118213,22561,0,BATCH_D,9381,0,0,0,0,1,118213,32138,MS1,0,0,9178,JES2,USER1,05:21.4,2018-08-01-00.05.21.000000,1533081921,03:45.6,1533081826,05:21.4,1533081921,0.039999962,0,0,0,2018/7/31
200,2018/8/1,2018-08-01-00.05.32.260,00.05.32.26,1,0,0,0,JN_078,JOB38564,0,14,0,0,0,118213,22641,0,BATCH_D,1092,8,0,0,0,1,118213,33225,MS1,0,0,1078,JES2,USER1,05:32.2,2018-08-01-00.05.32.000000,1533081932,03:46.4,1533081826,05:32.3,1533081932,0.010000229,0,0,8,2018/7/31
200,2018/8/1,2018-08-01-00.05.40.600,00.05.40.60,1,0,0,0,JN_079,JOB38565,1,14,0,0,0,118213,22645,0,BATCH_D,1098,6,0,0,0,1,118213,34055,MS1,0,0,1084,JES2,USER1,05:40.5,2018-08-01-00.05.40.000000,1533081941,03:46.4,1533081826,05:40.6,1533081941,0.049999714,0,0,7,2018/7/31
200,2018/8/1,2018-08-01-00.05.43.200,00.05.43.20,1,0,0,0,JN_080,JOB38574,0,14,0,0,0,118213,22646,0,BATCH_D,1298,1,0,0,0,1,118213,34314,MS1,0,0,1284,JES2,USER1,05:43.1,2018-08-01-00.05.43.000000,1533081943,03:46.5,1533081826,05:43.2,1533081943,0.059999943,0,0,1,2018/7/31
200,2018/8/1,2018-08-01-00.05.44.980,00.05.44.98,1,0,0,0,JN_081,JOB38576,0,14,0,0,0,118213,22734,0,BATCH_D,1135,1,0,0,0,1,118213,34495,MS1,0,0,1121,JES2,USER1,05:44.9,2018-08-01-00.05.44.000000,1533081945,03:47.3,1533081827,05:45.0,1533081945,0.029999971,0,0,1,2018/7/31
200,2018/8/1,2018-08-01-00.05.55.610,00.05.55.61,1,0,0,0,JN_082,JOB38583,0,15,0,0,0,118213,22738,0,BATCH_D,1048,9,0,0,0,1,118213,35560,MS1,0,0,1033,JES2,USER1,05:55.6,2018-08-01-00.05.55.000000,1533081956,03:47.4,1533081827,05:55.6,1533081956,0.00999999,0,0,9,2018/7/31
200,2018/8/1,2018-08-01-00.04.15.880,00.04.15.88,27839,0,3,138721,JN_083,JOB33844,0,3809189,0,0,0,118212,8604701,0,BATCH_B,20078607,8,43,0,39362,28024,118212,8605571,MS1,23431,19,16091335,JES2,USER1,54:15.7,2018-07-31-23.54.15.000000,1533081256,54:07.0,1533081247,04:15.9,1533081856,600.1700001,19,23474,8,2018/7/31
200,2018/8/1,2018-08-01-00.06.00.330,00.06.00.33,1263,0,0,6055,JN_084,JOB35942,0,357427,0,0,0,118212,8633954,0,BATCH_B,6653609,0,0,0,2902,25916,118212,8634028,MS1,9145,9,6287225,JES2,USER1,59:00.3,2018-07-31-23.59.00.000000,1533081540,58:59.5,1533081540,06:00.3,1533081960,420.05,9,9145,0,2018/7/31
200,2018/8/1,2018-08-01-04.51.34.530,04.51.34.53,114,0,0,520,JN_085,JOB55074,1,140654,0,0,0,118213,1733134,0,BATCH_C,3193465,39,0,0,118,34198,118213,1737095,MS1,4441,4,3052173,JES2,USER1,49:30.9,2018-08-01-04.49.30.000000,1533098971,48:51.3,1533098931,51:34.5,1533099095,123.5799999,4,4441,40,2018/7/31
200,2018/8/1,2018-08-01-00.04.29.930,00.04.29.93,91242,0,10,455986,JN_086,JOB38212,0,2134053,0,0,0,118213,18814,0,BATCH_D,9904088,1,189,0,134387,26432,118213,18981,MS1,10441,10,7179662,JES2,USER1,03:09.8,2018-08-01-00.03.09.000000,1533081790,03:08.1,1533081788,04:29.9,1533081870,80.11999989,10,10630,1,2018/7/31
200,2018/8/1,2018-08-01-00.03.07.300,00.03.07.30,1,0,0,0,JN_087,JOB38192,0,15,0,0,0,118213,18563,0,BATCH_D,1069,0,0,0,0,1,118213,18724,MS1,0,0,1054,JES2,USER1,03:07.2,2018-08-01-00.03.07.000000,1533081787,03:05.6,1533081786,03:07.3,1533081787,0.059999943,0,0,0,2018/7/31
200,2018/8/1,2018-08-01-04.51.38.740,04.51.38.74,81478,0,43,407127,JN_088,JOB52407,0,11496233,0,0,0,118213,1677292,0,BATCH_B,47484101,215,495,0,342452,42986,118213,1698921,MS1,51303,51,35238289,JES2,USER1,43:09.2,2018-08-01-04.43.09.000000,1533098589,39:32.9,1533098373,51:38.7,1533099099,509.5300002,51,51798,215,2018/7/31
200,2018/8/1,2018-08-01-04.51.10.790,04.51.10.79,80803,0,40,403752,JN_089,JOB51964,0,11072016,0,0,0,118213,1663360,0,BATCH_B,45793157,288,480,0,330544,42189,118213,1692311,MS1,49483,49,33986845,JES2,USER1,42:03.1,2018-08-01-04.42.03.000000,1533098523,37:13.6,1533098234,51:10.8,1533099071,547.6800001,49,49963,288,2018/7/31
200,2018/8/1,2018-08-01-00.02.34.850,00.02.34.85,17,0,0,70,JN_090,JOB36135,0,198,0,0,0,118212,8634739,0,BATCH_B,13116,207,0,0,230,18,118213,15442,MS1,14,0,12618,JES2,USER1,02:34.4,2018-08-01-00.02.34.000000,1533081754,59:07.4,1533081547,02:34.8,1533081755,0.429999828,0,14,207,2018/7/31
200,2018/8/1,2018-08-01-00.03.09.880,00.03.09.88,146,0,0,500,JN_091,JOB38213,0,380,0,0,0,118213,18891,0,BATCH_A,18471,0,0,0,117,314,118213,18906,MS1,14,0,17474,JES2,USER1,03:09.1,2018-08-01-00.03.09.000000,1533081789,03:08.9,1533081789,03:09.9,1533081790,0.820000172,0,14,0,2018/7/31
200,2018/8/1,2018-08-01-04.51.11.180,04.51.11.18,1692,0,0,6485,JN_092,JOB55592,0,59539,0,0,0,118213,1745639,0,BATCH_B,586970,0,0,0,3884,3649,118213,1745676,MS1,742,0,517062,JES2,USER1,50:56.8,2018-08-01-04.50.56.000000,1533099057,50:56.4,1533099056,51:11.2,1533099071,14.42000008,0,742,0,2018/7/31
200,2018/8/1,2018-08-01-04.51.46.810,04.51.46.81,3831,0,0,16455,JN_093,JOB55708,0,16245,0,0,0,118213,1748991,0,BATCH_B,581379,1,0,0,5340,3888,118213,1749073,MS1,786,0,543339,JES2,USER1,51:30.7,2018-08-01-04.51.30.000000,1533099091,51:29.9,1533099090,51:46.8,1533099107,16.08000016,0,786,1,2018/7/31
200,2018/8/1,2018-08-01-04.51.38.500,04.51.38.50,68,0,0,300,JN_094,JOB55740,0,436,0,0,0,118213,1749697,0,BATCH_B,19416,0,0,0,410,115,118213,1749745,MS1,14,0,18270,JES2,USER1,51:37.4,2018-08-01-04.51.37.000000,1533099097,51:37.0,1533099097,51:38.5,1533099099,1.050000191,0,14,0,2018/7/31
200,2018/8/1,2018-08-01-04.51.42.110,04.51.42.11,66,0,0,290,JN_095,JOB55753,0,423,0,0,0,118213,1750035,0,BATCH_B,18877,0,0,0,377,113,118213,1750121,MS1,14,0,17787,JES2,USER1,51:41.2,2018-08-01-04.51.41.000000,1533099101,51:40.3,1533099100,51:42.1,1533099102,0.900000334,0,14,0,2018/7/31
200,2018/8/1,2018-08-01-04.51.40.250,04.51.40.25,68,0,0,300,JN_096,JOB55748,0,483,0,0,0,118213,1749882,0,BATCH_B,21376,0,0,0,356,115,118213,1749939,MS1,29,0,20237,JES2,USER1,51:39.4,2018-08-01-04.51.39.000000,1533099099,51:38.8,1533099099,51:40.2,1533099100,0.859999657,0,29,0,2018/7/31
200,2018/8/1,2018-08-01-04.51.27.390,04.51.27.39,1069,0,0,5220,JN_097,JOB55615,0,105298,0,0,0,118213,1746071,0,BATCH_B,3011470,1,0,0,4275,4208,118213,1746200,MS1,4208,4,2896677,JES2,USER1,51:02.0,2018-08-01-04.51.02.000000,1533099062,51:00.7,1533099061,51:27.4,1533099087,25.3900001,4,4208,1,2018/7/31
200,2018/8/1,2018-08-01-04.51.36.150,04.51.36.15,102,0,0,455,JN_098,JOB55728,0,838,0,0,0,118213,1749467,0,BATCH_B,28413,1,0,0,143,72,118213,1749525,MS1,29,0,26977,JES2,USER1,51:35.2,2018-08-01-04.51.35.000000,1533099095,51:34.7,1533099095,51:36.1,1533099096,0.900000334,0,29,1,2018/7/31
200,2018/8/1,2018-08-01-04.51.49.170,04.51.49.17,101,0,0,450,JN_099,JOB55788,0,519,0,0,0,118213,1750748,0,BATCH_B,22955,1,0,0,137,70,118213,1750849,MS1,29,0,21849,JES2,USER1,51:48.5,2018-08-01-04.51.48.000000,1533099108,51:47.5,1533099107,51:49.2,1533099109,0.680000067,0,29,1,2018/7/31
200,2018/8/1,2018-08-01-04.51.20.230,04.51.20.23,10697,0,1,44475,JN_100,JOB55215,0,175737,0,0,0,118213,1737010,0,BATCH_B,3184182,1,14,0,19235,42648,118213,1737206,MS1,4281,4,2944735,JES2,USER1,49:32.1,2018-08-01-04.49.32.000000,1533098972,49:30.1,1533098970,51:20.2,1533099080,108.1700001,4,4295,1,2018/7/31
200,2018/8/1,2018-08-01-04.51.00.310,04.51.00.31,1050,0,0,4515,JN_101,JOB55576,0,2060,0,0,0,118213,1745471,0,BATCH_B,117674,1,0,0,2228,1244,118213,1745596,MS1,145,0,108871,JES2,USER1,50:56.0,2018-08-01-04.50.55.000000,1533099056,50:54.7,1533099055,51:00.3,1533099060,4.350000143,0,145,1,2018/7/31
200,2018/8/1,2018-08-01-04.51.29.500,04.51.29.50,235,0,0,1050,JN_102,JOB55700,0,1329,0,0,0,118213,1748747,0,BATCH_B,45802,0,0,0,323,213,118213,1748822,MS1,58,0,43100,JES2,USER1,51:28.2,2018-08-01-04.51.28.000000,1533099088,51:27.5,1533099087,51:29.5,1533099090,1.279999971,0,58,0,2018/7/31
200,2018/8/1,2018-08-01-04.51.00.770,04.51.00.77,4484,0,0,22301,JN_103,JOB55574,0,28403,0,0,0,118213,1745401,0,BATCH_B,667656,0,14,0,16698,2304,118213,1745471,MS1,873,0,600254,JES2,USER1,50:54.7,2018-08-01-04.50.54.000000,1533099055,50:54.0,1533099054,51:00.8,1533099061,6.059999943,0,887,0,2018/7/31
200,2018/8/1,2018-08-01-04.51.11.230,04.51.11.23,1875,0,0,9195,JN_104,JOB55620,0,444941,0,0,0,118213,1746140,0,BATCH_B,1115592,1,0,0,5342,837,118213,1746290,MS1,946,0,656114,JES2,USER1,51:02.9,2018-08-01-04.51.02.000000,1533099063,51:01.4,1533099061,51:11.2,1533099071,8.329999924,0,946,1,2018/7/31
200,2018/8/1,2018-08-01-04.51.18.180,04.51.18.18,4581,0,0,22465,JN_105,JOB55650,0,29019,0,0,0,118213,1747134,0,BATCH_B,300813,1,0,0,8367,1729,118213,1747196,MS1,349,0,240962,JES2,USER1,51:12.0,2018-08-01-04.51.11.000000,1533099072,51:11.3,1533099071,51:18.2,1533099078,6.220000029,0,349,1,2018/7/31
200,2018/8/1,2018-08-01-04.51.28.230,04.51.28.23,1953,0,0,9275,JN_106,JOB55664,0,467549,0,0,0,118213,1747840,0,BATCH_B,1184564,1,0,0,5947,1329,118213,1747901,MS1,1019,1,701793,JES2,USER1,51:19.0,2018-08-01-04.51.19.000000,1533099079,51:18.4,1533099078,51:28.2,1533099088,9.220000029,1,1019,1,2018/7/31
200,2018/8/1,2018-08-01-00.05.10.160,00.05.10.16,4177,0,0,20075,JN_107,JOB36683,0,1939911,0,0,0,118213,4644,0,BATCH_A,27887768,99,14,0,14343,159569,118213,14592,MS1,37731,37,25913439,JES2,USER1,02:25.9,2018-08-01-00.02.25.000000,1533081746,00:46.4,1533081646,05:10.2,1533081910,164.24,37,37745,99,2018/7/31
200,2018/8/1,2018-08-01-04.51.35.690,04.51.35.69,7416,0,1,36456,JN_108,JOB55445,0,1216880,0,0,0,118213,1742369,0,BATCH_A,22080344,5,58,0,49681,69575,118213,1742979,MS1,30246,30,20777327,JES2,USER1,50:29.8,2018-08-01-04.50.29.000000,1533099030,50:23.7,1533099024,51:35.7,1533099096,65.89999962,30,30304,5,2018/7/31
200,2018/8/1,2018-08-01-04.51.19.910,04.51.19.91,8608,0,1,42416,JN_109,JOB55199,0,1793259,0,0,0,118213,1736626,0,BATCH_A,28776283,15,87,0,62628,114021,118213,1738157,MS1,39129,39,26877980,JES2,USER1,49:41.6,2018-08-01-04.49.41.000000,1533098982,49:26.3,1533098966,51:19.9,1533099080,98.34000015,39,39216,15,2018/7/31
200,2018/8/1,2018-08-01-00.02.04.600,00.02.04.60,170,0,0,805,JN_110,JOB37694,0,3269,0,0,0,118213,12381,0,BATCH_C,68584,0,0,0,92,472,118213,12397,MS1,87,0,64418,JES2,USER1,02:04.0,2018-08-01-00.02.03.000000,1533081724,02:03.8,1533081724,02:04.6,1533081725,0.630000114,0,87,0,2018/7/31
200,2018/8/1,2018-08-01-00.02.59.450,00.02.59.45,29955,0,4,149702,JN_111,JOB36564,0,34741,0,0,0,118213,1541,0,BATCH_B,1943353,148,72,0,55408,6355,118213,16418,MS1,2475,2,1703502,JES2,USER1,02:44.2,2018-08-01-00.02.44.000000,1533081764,00:15.4,1533081615,02:59.4,1533081779,15.26999974,2,2547,148,2018/7/31
200,2018/8/1,2018-08-01-00.01.03.670,00.01.03.67,77,0,0,335,JN_112,JOB36752,0,286,0,0,0,118213,6077,0,BATCH_C,16311,0,0,0,106,56,118213,6348,MS1,14,0,15584,JES2,USER2,01:03.5,2018-08-01-00.01.03.000000,1533081663,01:00.8,1533081661,01:03.7,1533081664,0.190000057,0,14,0,2018/7/31
200,2018/8/1,2018-08-01-00.05.48.580,00.05.48.58,5403,0,0,26875,JN_113,JOB38930,0,79643,0,0,0,118213,30144,0,BATCH_C,1861480,39,14,0,13710,4599,118213,34055,MS1,2533,2,1741252,JES2,USER1,05:40.5,2018-08-01-00.05.40.000000,1533081941,05:01.4,1533081901,05:48.6,1533081949,8.029999733,2,2547,39,2018/7/31
200,2018/8/1,2018-08-01-00.05.40.250,00.05.40.25,6495,0,0,32336,JN_114,JOB38929,0,107615,0,0,0,118213,30143,0,BATCH_C,2542850,28,14,0,10903,5082,118213,32890,MS1,3480,3,2391996,JES2,USER1,05:28.9,2018-08-01-00.05.28.000000,1533081929,05:01.4,1533081901,05:40.2,1533081940,11.34999967,3,3494,28,2018/7/31
200,2018/8/1,2018-08-01-00.05.28.250,00.05.28.25,14352,0,1,71623,JN_115,JOB38928,0,275086,0,0,0,118213,30109,0,BATCH_C,6209301,0,58,0,42555,18788,118213,30156,MS1,8475,8,5820037,JES2,USER1,05:01.6,2018-08-01-00.05.01.000000,1533081902,05:01.1,1533081901,05:28.2,1533081928,26.68999982,8,8533,0,2018/7/31
200,2018/8/1,2018-08-01-00.05.54.340,00.05.54.34,2820,0,0,13960,JN_116,JOB38931,0,47367,0,0,0,118213,30145,0,BATCH_C,1127938,46,0,0,7466,2800,118213,34864,MS1,1529,1,1059145,JES2,USER1,05:48.6,2018-08-01-00.05.48.000000,1533081949,05:01.4,1533081901,05:54.3,1533081954,5.699999809,1,1529,46,2018/7/31
200,2018/8/1,2018-08-01-00.02.30.740,00.02.30.74,138,0,0,650,JN_117,JOB37815,0,12032,0,0,0,118213,14598,0,BATCH_C,669939,1,0,0,316,99,118213,14837,MS1,946,0,656941,JES2,USER1,02:28.4,2018-08-01-00.02.28.000000,1533081748,02:26.0,1533081746,02:30.7,1533081751,2.370000124,0,946,1,2018/7/31
200,2018/8/1,2018-08-01-00.02.17.970,00.02.17.97,60,0,0,290,JN_118,JOB37754,1,255,0,0,0,118213,13600,0,BATCH_C,11349,0,0,0,161,68,118213,13770,MS1,14,0,10643,JES2,USER1,02:17.7,2018-08-01-00.02.17.000000,1533081738,02:16.0,1533081736,02:18.0,1533081738,0.269999743,0,14,1,2018/7/31
200,2018/8/1,2018-08-01-00.02.21.440,00.02.21.44,87,0,0,425,JN_119,JOB37763,1,492,0,0,0,118213,13997,0,BATCH_C,21361,1,0,0,306,105,118213,14031,MS1,29,0,20138,JES2,USER1,02:20.3,2018-08-01-00.02.20.000000,1533081740,02:20.0,1533081740,02:21.4,1533081741,1.129999876,0,29,2,2018/7/31
200,2018/8/1,2018-08-01-00.02.25.070,00.02.25.07,33,0,0,140,JN_120,JOB37794,1,42,0,0,0,118213,14339,0,BATCH_C,5235,0,0,0,143,51,118213,14497,MS1,0,0,4910,JES2,USER1,02:25.0,2018-08-01-00.02.24.000000,1533081745,02:23.4,1533081743,02:25.1,1533081745,0.100000381,0,0,1,2018/7/31
200,2018/8/1,2018-08-01-00.02.28.120,00.02.28.12,150,0,0,710,JN_121,JOB37806,0,2007,0,0,0,118213,14501,0,BATCH_C,114202,1,0,0,441,104,118213,14672,MS1,160,0,111044,JES2,USER1,02:26.7,2018-08-01-00.02.26.000000,1533081747,02:25.0,1533081745,02:28.1,1533081748,1.399999857,0,160,1,2018/7/31
200,2018/8/1,2018-08-01-00.02.26.380,00.02.26.38,261,0,0,1240,JN_122,JOB37799,0,878,0,0,0,118213,14421,0,BATCH_C,55600,1,0,0,993,378,118213,14588,MS1,72,0,52489,JES2,USER1,02:25.9,2018-08-01-00.02.25.000000,1533081746,02:24.2,1533081744,02:26.4,1533081746,0.5,0,72,1,2018/7/31