DATE,BT01,BT02,BT03,BT04,BT05,BT06,BT07,BT08,BT09,BT10,BT11,BT12,BT13,BT14,BT15,BT16
2016/1/1,15924923,2030187,22549,726674,217424,5671994,4224540,290870,8674571,6793745,1378925,184705,33585,3215742,46389,4826739
2016/1/2,14681310,1939513,23757,543538,174603,5293340,4029561,256880,8579600,6197802,1522222,170271,33750,2782242,36342,2874246
2016/1/3,14733718,1981997,21948,500987,171383,5378445,3814038,285607,8819164,6031757,1538040,168761,38897,2682481,35149,2651567
2016/1/4,22202493,3838587,52018,1436257,787581,9240306,4270735,1283273,17654698,8187772,3033516,753684,237844,7216136,82694,2819131
2016/1/5,21236721,3726184,36771,1255771,728991,8976371,4080801,1315945,17000050,7871548,2908877,560995,212150,6264452,75047,2891914
2016/1/6,19836488,3502146,40152,1186142,575573,8392717,3947264,942120,15969660,7497292,2610506,715422,173013,5850839,73108,2818530
2016/1/7,19187526,3510944,35329,1151195,544460,8442142,3773512,937435,15675615,7324894,2254034,1270005,168362,5630353,71049,2718317
2016/1/8,20023139,3588217,53431,1152291,558811,8513086,3849965,856878,16727916,7967033,2364799,892032,153196,5929564,69321,2816818
2016/1/9,15315457,2230274,19368,580636,237874,5797849,3876718,287478,10314824,6026298,1461175,213150,39900,2719911,32494,2521701
2016/1/10,15542109,3063617,17501,440670,173459,5814645,4293168,285604,8865022,6146078,1433578,184515,41148,2267722,30122,2502997
2016/1/11,20584426,5283688,51976,1086469,511101,9442315,4296049,998154,16553854,8142915,2261083,579273,186799,6211944,71297,2822606
2016/1/12,20822199,4441204,37596,1098062,482722,9384347,4092446,1054214,15713533,7891830,2460737,590554,178074,5931603,70486,2729536
2016/1/13,19959807,4051733,40440,1093338,466740,8627734,4014079,838367,15058741,7563460,2354403,484708,153763,5786299,65028,2558224
2016/1/14,19314804,3993725,35325,1084849,476999,8295073,3952481,938423,15152544,7619336,1996801,549492,159546,5876668,64931,2609030
2016/1/15,21512780,4290218,55237,1159775,490315,9590213,4176360,856068,16597526,8427502,1985532,485926,140165,6334261,71732,2853289
2016/1/16,15605778,2606335,20816,594845,200506,5990357,3745263,273564,9737042,6381055,1183569,193335,40903,2735762,39646,2559883
2016/1/17,14771885,2317954,18417,560803,149211,5336962,4231245,249792,8548447,6198238,1339297,168576,38465,2443930,35968,2549221
2016/1/18,21124578,4251724,52740,1098732,460454,9150609,4289080,1142059,16336048,8277143,2252183,442134,185014,6396927,80057,2668314
2016/1/19,20452841,4045268,38378,1060178,528218,8775059,4150947,1291591,15415840,8002627,2065951,515978,181640,6111553,80682,2846149
2016/1/20,20937627,4179751,41800,1108758,514097,9016308,4297739,902926,15746300,8105213,2037979,498941,133823,6249205,81547,3162675
2016/1/21,19998804,4042126,37301,1125735,471405,8658084,4260152,987954,15065610,7802846,2070831,531918,149384,6116770,75290,3148635
2016/1/22,19354326,3954274,53940,1077138,433920,8407715,4018235,874906,14768605,7824064,1998235,446718,129766,6228288,68081,3177553
2016/1/23,15451969,2650274,19676,563366,223436,5982488,3634068,268501,9377718,6169311,1513219,191229,37938,2810445,39885,2857807
2016/1/24,14660251,2311428,17587,494105,150017,5263349,3464600,247627,8188296,6159860,1438568,164180,34728,2485187,31650,2663253
2016/1/25,23723071,4280485,53307,1098006,424643,9697779,3903563,1074248,16891195,8899324,2662047,475601,166808,7041361,77514,3027450
2016/1/26,20955087,4102311,41156,1063659,459759,9137931,3840115,1163302,15934281,8468477,2220671,754203,163230,6560410,73898,3221313
2016/1/27,20609275,4185784,44581,1126779,453659,9170967,3708296,1001368,15655501,8435489,1947071,617410,143683,6527108,74405,3120521
2016/1/28,20224607,4173593,40748,1175402,405629,9058330,3623233,1006184,15659611,8292297,1976978,501449,149687,6759260,78351,3197827
2016/1/29,22219006,4391831,58843,1258614,375603,9789727,3618806,952214,16643490,8859060,1936706,454150,153407,7667288,81786,3249740
2016/1/30,17642517,2961088,24930,599328,211365,7139344,3216021,302357,10960722,6983217,1335440,186122,44368,3136420,45763,2914584
2016/1/31,16062099,2613299,23131,520461,152502,6338387,3047629,271156,9535675,6987359,1302389,166846,41050,2816921,39197,3053474
2016/2/1,24677152,4534663,62695,1291218,415923,10693297,4067589,1195988,18046926,9755606,2415521,521512,202012,7433234,87156,4093910
2016/2/2,24961550,4504117,50290,1199274,442815,10619587,3912469,1198250,17878255,9621141,2451796,429086,181766,6736230,83735,3405373
2016/2/3,26621255,4584136,54787,1135828,418657,11209824,3716532,1099406,18270972,9877876,2360856,399615,175198,6622606,80350,3241250
2016/2/4,27124918,4787104,52776,1064067,389566,11760716,3612719,1229990,19057285,10127654,2197706,708720,200382,6482995,91808,3430016
2016/2/5,28403926,4893336,60872,970963,355588,12233932,3600270,1178099,19870588,10833515,2113483,631990,206750,6074692,82609,3283109
2016/2/6,24348700,3851140,72220,670552,204415,9701916,3040533,601163,14973724,9287778,1585125,252636,97498,4138346,62672,3292863
2016/2/7,13510480,1989555,28502,680989,82897,4893625,2398701,156531,6542527,4469243,605717,157440,17221,2127725,31653,9753968
2016/2/8,6657054,1099457,11935,613217,76612,2299785,1979266,123930,3828942,2178460,434282,328424,12157,1953140,27479,6462174
2016/2/9,6925210,1177428,15341,405654,74859,2297085,2185050,135916,3682211,2542337,538229,454225,12994,1979194,24086,2995524
2016/2/10,7663275,1294633,25652,392766,82538,2551142,2532626,157682,4255921,3315922,701759,384562,16872,1891113,28687,2507362
2016/2/11,8141041,1423613,24750,397838,90995,2669956,2251224,206800,4930938,3406254,715017,647087,25204,1830216,28860,2388149
2016/2/12,9019048,1530785,21656,410956,100292,2991998,2358722,245932,5372513,3613403,977877,638648,32836,1915135,32339,2516130
2016/2/13,9504749,1552733,17173,411078,109953,3274844,2645521,266833,5715302,3720298,1037342,243860,38212,1948483,32321,2476512
2016/2/14,15357292,2617670,42540,689835,223257,5650863,3294911,870771,10612779,5706459,1489887,294601,138432,4043946,58035,3973305
2016/2/15,18203218,3487949,36291,750466,416914,7129441,3828826,1457687,14349938,6340966,1754718,1259470,231274,4620037,74201,2718410
2016/2/16,18191282,3468225,33490,818428,481501,7211731,3842214,1431991,14113418,6437746,1825617,852283,209556,4732295,79721,2590819
2016/2/17,18075013,3350522,38208,826430,520825,7117708,3735607,1211127,13775607,6318522,2043522,641597,178401,4871214,76015,2589427
2016/2/18,18485601,3523925,35541,901054,492020,7712306,3726570,1194931,14019584,6388031,2191953,509563,183681,4887665,75250,2640073
2016/2/19,18014302,3640072,50574,917012,415828,7599168,3799506,1008224,14204457,6615835,2039666,631393,147197,5235629,78324,2692540
2016/2/20,14173094,2404207,18333,517334,229836,5569163,3453847,323963,9234137,5273257,1348358,214245,46756,2598215,49931,2475340
2016/2/21,16232593,2967487,33671,725929,345246,6565170,3622391,718060,11829556,6148295,1731778,454108,109128,4080826,66357,2981489
2016/2/22,18292092,3530767,49008,934524,460655,7561176,3790935,1112156,14424975,7023333,2115197,693970,171500,5563437,82782,3487637
2016/2/23,20318691,3710366,34893,958933,518507,8343559,3680137,1181614,15209385,7061169,2460587,649528,176635,5772299,80617,2703291
2016/2/24,20779856,4353641,39275,1034195,452893,8404760,3607385,1030026,16805415,7240802,2447665,587224,146940,5941044,79618,2707615
2016/2/25,22119535,4181293,35689,1038197,489814,9430909,3733637,1054200,16576832,7692840,2632614,732814,171808,6122087,85990,2877910
2016/2/26,20189887,4099137,52453,1050005,399854,8951283,3802494,955103,16117893,7635310,2196838,636586,144736,6159915,86185,2948624
2016/2/27,14824369,2616319,18823,554627,183464,6130790,3509610,306850,10029762,5834826,1346006,216915,44577,2678642,48761,2708893
2016/2/28,14263464,2377650,16831,486695,152630,5590758,3706874,286627,9047944,5758633,1269322,176111,43058,2449072,43958,2715450
2016/2/29,21260707,4508550,49789,1110938,499933,9960846,4252590,1144571,17343387,8373769,2070112,773244,176387,7343608,98394,3063411
2016/3/1,22105157,4399346,36206,1138564,524042,9951022,5067240,1220951,17497565,7866950,2514989,796647,193860,6178559,82399,3378488
2016/3/2,20772858,4203456,39678,1081462,502373,9212410,4708863,1012376,16299311,7650551,2500936,648924,162099,5475638,83332,3153391
2016/3/3,20547062,4078518,33744,995791,493630,9258701,4372280,1027356,15746612,7538421,2441552,553902,164775,5461989,82981,3036764
2016/3/4,19519383,4129642,49905,956468,407616,8590640,4239297,887515,15567374,7571859,2236120,994050,141060,5456702,79289,2988472
2016/3/5,15557352,2631402,17650,483747,196297,6466455,3796133,292496,9766799,6143357,1634705,238243,41032,2646336,42031,2710391
2016/3/6,14481849,2324915,15927,441559,151344,5622962,4122315,265178,8759640,5907934,1463302,188861,38485,2434374,35494,2619263
2016/3/7,19659941,4210997,47334,967059,397129,8887655,4289044,1068911,16057974,7765826,2130248,983912,178040,5784127,84507,2909010
2016/3/8,19173171,4131916,33505,979397,448225,9054143,4509364,1044261,15300156,7802903,2079555,915718,170207,5444057,80987,5918157
2016/3/9,19388338,4111307,35336,902959,413917,8924567,4287123,966818,15599401,7227760,2158634,869327,160583,5587943,84245,2684501
2016/3/10,21463871,4216442,30817,945659,359004,9461654,4770377,976629,16254904,7530508,2229655,650105,174875,5725554,83080,2784667
2016/3/11,19253747,4191979,47087,1016189,338019,8725374,4099680,873643,15660589,7541627,2114726,953741,141500,5592526,71141,2749780
2016/3/12,14630034,2616360,16303,507151,169676,5821914,3672818,282800,9402044,5794913,1670732,204317,40597,2611973,35908,2561191
2016/3/13,13692246,2370138,13667,512080,144132,5257573,3621600,271106,8577615,5644481,1543957,173404,39743,2431762,31379,2559865
2016/3/14,20004364,4284216,43634,1007450,379098,8977306,3859822,1065005,16268632,7701828,2127624,715482,187785,6085632,72034,2752328
2016/3/15,21182680,4679872,30824,991959,410291,10083824,4242875,1090151,17572733,8081815,2074325,840040,175082,6109053,79846,2773347
2016/3/16,19929213,4211499,32621,974717,386233,9078151,4131599,918266,16311099,7748045,2008305,555663,153552,5367592,77297,2772984
2016/3/17,19449763,4320435,29046,1048159,390307,9003869,3993099,956434,15763493,7488520,2202388,957305,165265,5064734,83990,2731824
2016/3/18,19305853,4278373,42785,1028360,507000,8857126,3944545,891828,16003591,7910503,2128806,1016643,148480,5396966,87597,2970814
2016/3/19,14397065,2636798,14438,507464,275480,5952102,3662925,297123,9761008,5972380,1305198,208206,43305,2423650,42343,2604145
2016/3/20,14309700,2493939,11857,425642,173866,5642678,3702463,257781,9211733,6031498,1250454,177461,37206,2251065,36991,2629375
2016/3/21,20775304,4553304,38835,1049474,527074,9754063,4186973,1029188,18166482,8145032,2170656,792828,177712,6222664,85723,2848707
2016/3/22,20347627,4520172,27001,1024690,576899,9616871,4003884,1039856,16939514,7614157,2120437,857383,157951,5764329,87424,2837169
2016/3/23,20406832,4400471,27077,1037249,480519,9508258,4017895,892839,16624848,7543721,2384417,886502,144155,4580782,78816,2768338
2016/3/24,21035681,4378607,23257,1052924,482566,9437807,3911495,892588,16543081,7614045,2376507,780171,144052,4578361,75373,2858403
2016/3/25,22005716,4488987,34506,1106719,392392,9590550,4124768,886035,16957586,8294329,2594398,408898,141383,4918416,78611,2917254
2016/3/26,15451822,2744684,11440,517574,211042,6503141,3626778,291989,9942066,5965267,1619182,185169,40725,1820225,30309,2613845
2016/3/27,14255302,2571264,9186,472221,150541,5896469,3665836,268534,9046635,5906800,1325494,169911,38815,1573867,25177,2510538
2016/3/28,20174058,4548155,33639,1092417,397797,9517943,4162050,1140031,17627464,8046770,2111738,662194,175468,5239837,61563,2740057
2016/3/29,19355779,4448474,23367,1128152,387913,9260746,3965205,1479588,16973707,7637093,2011641,552374,189544,5034561,65746,2707116
2016/3/30,19341510,4455173,23930,1118460,398258,9199268,3905048,1494809,16761220,7532870,2005326,698193,185987,5024656,58103,2744198
2016/3/31,20656465,4569399,21595,1165113,471904,10037144,4053225,1702105,17620195,7858235,2078468,585440,252636,5464837,57350,2855741
2016/4/1,22262221,4402171,31784,1204498,432904,10359364,4941668,1424275,17097117,8277865,2504089,513644,214891,5243497,60249,4017526
2016/4/2,14996535,2555174,12035,549600,212225,5976480,4305887,290279,9656919,5964549,1605466,197722,45602,1813509,25534,3065573
2016/4/3,13247936,2133180,9621,492118,151161,5108451,3801554,239751,7830084,5676391,1443547,164826,36188,1524391,21167,2829181
2016/4/4,13638875,2073517,8859,450273,147718,5401951,3732835,282397,7774982,5627727,1396290,368964,45307,1515028,22876,2543559
2016/4/5,22392490,4258549,30253,1116624,480940,9913904,4491719,1548496,17070487,8114445,2674865,828468,239451,4845120,58454,2895826
2016/4/6,19985547,3987253,18564,1078183,555462,9191753,4304358,1326498,15675999,7679271,2400243,531417,193437,4406304,54007,2830308
2016/4/7,19334834,3920610,17138,1057155,490700,8928627,4136354,1324923,15353566,7355621,2162806,593051,195192,4352326,53211,2779271
2016/4/8,20119527,3979917,27169,1034074,408851,9437741,4204319,1201611,15650902,7794896,2262207,551522,179967,4505728,54553,2829158
2016/4/9,15051424,2495179,7996,501483,205970,6317378,4352076,298320,9472097,5869438,1483629,193226,44443,1805839,23300,2663474
2016/4/10,15164931,2401708,6518,460712,165092,5936732,4866588,306292,9313772,6057541,1574555,169172,46175,1673085,21995,2616496
2016/4/11,21244782,4219276,25599,1018547,441043,9794675,4573670,1459800,17138852,7979188,2322664,900206,234691,4658743,58454,2824272
2016/4/12,20137245,4090350,18447,999001,479640,9195709,4338761,1281719,15913517,7498293,2401928,901812,196202,4534074,54307,2829416
2016/4/13,19274079,3930157,18634,1019373,470174,8593205,4112427,1078625,15261881,7369979,2292955,749295,163751,4387510,51547,2758427
2016/4/14,18716231,3901065,15595,1045668,475149,8493840,4007509,1157197,15176157,7333080,2071353,840634,165834,4456910,51187,2786062
2016/4/15,21276629,4269433,24891,1110644,448950,9857715,4452621,924115,17338307,8395039,2036968,679259,148404,4709058,55647,3091292
2016/4/16,15207880,2528726,7482,534171,227043,6395470,3981427,288897,9864947,6134736,1314782,208880,41810,1807226,24938,2898599
2016/4/17,14237991,3309867,6460,423027,176227,4819351,3842092,276789,8003830,6067278,1394985,175555,46515,1494650,19719,2808551
2016/4/18,20412466,5723909,23072,1098655,418941,8174200,4283386,1145896,15586303,8096508,2274570,639878,201633,4520237,58866,2928353
2016/4/19,19372356,5647036,16809,1063962,409385,8012728,4273135,1074968,14497465,7740943,2073644,1084597,183636,4383570,60847,2983031
2016/4/20,19886592,6098858,16731,1083329,462321,8545198,4311937,943477,15422382,7959928,2129926,1191329,160241,4458951,61454,3064069
2016/4/21,19026431,6253286,14644,1105242,383370,7899930,4223558,961838,13600207,7863367,2094691,1417318,170425,4287410,56240,3041257
2016/4/22,18494617,5878120,22445,1149566,343185,7427451,4187623,833036,13052751,7799758,2085758,841554,145942,4368815,55474,3068954
2016/4/23,14415537,3954756,6470,549622,177109,5347063,3805640,283064,7918990,6070138,1539721,216351,45119,1784437,24134,2916937
2016/4/24,14665741,3612317,4583,481408,141685,4845004,3745917,261149,7281155,6094538,1563033,172942,43036,1625339,22345,2801953
2016/4/25,22740241,6617950,21195,1189773,374039,9028006,4447488,1097700,15516852,8599299,2869325,786012,203829,5093794,61070,3008476
2016/4/26,19513585,6164220,14780,1183952,357003,8156315,4289042,988119,14179235,8002380,2431993,638395,173800,4771103,61590,3090536
2016/4/27,18502537,6140881,14668,1169860,352717,7904783,4148768,919064,13820885,7869423,2042832,900892,158924,4598023,54867,2983067
2016/4/28,18862541,6246973,11711,1225636,359597,8069782,4207752,1022388,13878027,8032452,2068792,884465,182302,4835986,58675,3042295
2016/4/29,20267029,6749406,19421,1315082,332575,8857884,4375611,964557,14955727,8771504,2096800,1293106,165819,5311499,59933,3404288
2016/4/30,14919044,4190013,6085,582877,154257,5602890,3920009,271897,8269633,6976214,1282965,215031,43731,1928497,29304,3179882
2016/5/1,13398651,3334710,4172,528658,120937,4249087,4469368,215312,6184923,6592275,1361734,172779,33664,1756193,21669,3650015
2016/5/2,13752108,3647169,5722,487359,141321,4613282,4648059,301005,7263932,6149814,1506257,430878,52853,1670965,24708,3347754
2016/5/3,20330654,6371516,16129,1223240,421027,8176609,5031478,1231391,14521050,8213042,2644655,889418,224801,5038974,60621,3463030
2016/5/4,19577677,5994570,10445,1127647,468502,7863244,4715379,1070305,13769484,7962059,2381907,779868,201004,4265499,60192,3192317
2016/5/5,19419744,6059982,8722,1094463,406074,8193317,4583222,1045824,13637592,7804196,2498480,632011,199798,4265203,61588,3090976
2016/5/6,18311245,5856577,13405,1093124,383776,7626959,4563438,842368,13354385,7908182,2306736,639738,163998,4124115,57984,3117958
2016/5/7,13425273,3897868,2751,536379,175435,5102557,4036974,298521,7910088,5976548,1390000,200527,49682,1719748,25759,3016516
2016/5/8,13264488,3637397,1638,508481,137774,4670702,3986280,272952,7135630,6157135,1423629,172087,47035,1565394,23066,3601072
2016/5/9,19224820,6111082,12082,1054365,399006,8003331,4855016,1024080,14337963,8057140,2308747,721279,213270,3835884,59554,2947007
2016/5/10,20644824,6449216,8877,1092484,384967,8637474,5506685,979253,14845401,8128468,2367879,729441,197680,3877169,62898,3098850
2016/5/11,18506046,5943723,9245,1071838,352833,7827903,4517265,872540,13639164,7723193,2143920,764326,173272,3628670,59004,3017952
2016/5/12,18319117,5715499,7919,1050584,372433,7726016,4383937,873524,12799233,7418390,2368187,603171,172026,3671428,56813,3119750
2016/5/13,18770480,5971135,11573,1087791,317394,7860709,4288027,784198,13170871,7919694,2308200,799678,154283,3697812,56803,3138733
2016/5/14,13098189,3783387,2491,529888,155908,5029928,3868138,289052,7790459,5830646,1290431,190053,49159,1683008,25852,2975827
2016/5/15,14017639,3755159,1291,483140,131676,5046517,3975358,293620,7610453,6275427,1224110,168227,51878,1559125,24857,2960278
2016/5/16,20006509,6379847,10687,1062496,338980,8534167,4603353,1031391,15210838,8496249,2104839,789588,220849,3987088,63676,3229677
2016/5/17,19120150,6022425,7857,1086699,356064,8184007,4617794,984964,13883335,7870944,2309270,606262,205141,3754329,58091,3147510
2016/5/18,18288414,5787800,6674,1038640,345174,7644821,4366130,860053,13413704,7734060,2219342,639969,175437,3697364,69462,3131938
2016/5/19,17697193,5751606,5892,1040477,311090,7735904,4262450,870393,13153822,7667259,2059673,1009323,171599,3639185,62492,3279226
2016/5/20,18722988,6112495,8067,1203185,304750,8174509,4642778,861648,13705710,8339536,2080827,583488,157230,3779630,61539,6569329
2016/5/21,13728622,3856580,1339,554594,165856,5391979,4047130,298108,7868959,6075530,1345287,186660,49623,1676478,27941,3122450
2016/5/22,13603041,3525523,778,442584,133609,4749685,3971034,269674,7057760,5963154,1276106,164519,45222,1525534,25006,2936976
2016/5/23,20620214,6255789,7323,1056548,344557,8361090,4407049,1061141,14542477,8057283,2519534,637134,204420,4055885,65990,3113766
2016/5/24,19903624,5945801,6035,1096476,342487,8062312,4336645,987423,13805568,7979030,2401436,631327,195402,3938336,60955,3106195
2016/5/25,20867394,6183324,5507,1235817,335592,8358839,4475064,896599,14090420,8164482,2548133,621516,173237,4115186,64810,3152078
2016/5/26,18765207,5818523,4876,1177944,314089,8147974,4366582,841042,13446863,7755668,2246082,655961,163284,3832978,62080,3202044
2016/5/27,17712572,5782199,5639,1137671,290236,7388167,4325983,792933,12996266,7839569,1918666,687478,152771,3338507,67626,3316734
2016/5/28,13548197,3832907,586,548537,152308,5154734,4005821,275870,7925645,6127361,1247521,190507,47868,1706952,27477,3064954
2016/5/29,12983137,3521532,374,493691,127410,4735715,3951978,264996,7086406,6045918,1170712,163647,46682,1503966,23459,2948554
2016/5/30,19101188,6249654,5113,1221889,305409,8211071,4406371,958965,14334697,8121141,2035771,778409,188562,4359163,63047,3207306
2016/5/31,19111924,6300401,4614,1269138,377151,8246767,4503094,970627,14374079,8159546,2004205,592140,189935,4279093,67802,3360269
2016/6/1,20010484,6088777,4365,1276929,483385,8122577,5612727,889294,13796984,8041315,2446529,540543,172800,4292827,59641,5476523
2016/6/2,19229447,5942639,4291,1256372,446927,7807651,5261371,1113141,13522293,7932429,2511684,456276,178462,3580081,61866,3678148
2016/6/3,19405959,5979715,4482,1239224,434006,7803755,4905943,893360,13262838,8115272,2441402,443083,152328,3608767,63532,3613143
2016/6/4,14810428,3953476,444,549905,224997,5458030,4278075,290023,8201007,6221377,1580359,207902,50644,1785522,29245,3257694
2016/6/5,14133548,3634581,172,486803,158813,4870553,4140615,269260,7350936,6106769,1639456,172445,46323,1673057,26597,3173698
2016/6/6,19471524,6050899,4570,1243275,373254,8091393,4756585,1020441,14055144,8370647,2421229,628767,183800,3752801,64737,3413051
2016/6/7,18440497,5814538,4029,1200546,391262,7800173,4440375,1038013,13452480,7999486,2044527,506204,183851,3614511,65510,3375167
2016/6/8,20378429,6401474,4990,1224452,359508,8577786,4667266,880539,14566873,8751147,2190948,829570,157124,3963733,71788,3666158
2016/6/9,13543680,3600975,177,551492,170219,4485395,4389074,269752,6859896,6126761,1294635,465896,43388,1674013,31219,4258715
2016/6/10,14215128,3766170,626,498187,151744,5121280,4646736,300037,7924602,5963476,1519090,412190,54634,1699545,30897,3014656
2016/6/11,12982185,3508853,141,465686,139804,4889203,4104241,274747,7316208,5717893,1324303,199119,48503,1535237,28156,2998873
2016/6/12,18732157,5434859,4260,1024956,257405,7432951,4548852,832538,12803057,7485167,2410589,235954,160008,3543558,56905,3193121
2016/6/13,19231379,6125770,3993,1197758,385379,8139492,4577520,1156480,14405034,7824508,2447534,1015121,213704,3618442,64806,3294900
2016/6/14,18368232,5818608,3725,1181444,372765,7637037,4368328,1015275,13758236,7577272,2033380,645959,183654,3634343,65714,3282062
2016/6/15,20424165,6576093,3743,1204712,361673,8506962,4731282,913195,15266825,8170299,2064145,627768,163909,3760912,68165,3529432
2016/6/16,19759886,6250859,3904,1208837,389187,8209152,4622310,909322,14338290,8011901,2065346,1224192,163842,3626282,67889,3562823
2016/6/17,18748564,5983016,3979,1254929,354415,7582967,4424285,798044,13851433,8093143,2262258,809737,145619,3646011,67693,3574721
2016/6/18,14332960,4050759,235,623884,184341,5010919,4741954,281742,8294657,6136496,1596687,213997,47038,1737768,32109,3441351
2016/6/19,13023642,3489240,26,556474,137060,4418924,4299915,254809,7132908,6015571,1307196,177647,44740,1556972,27157,3737490
2016/6/20,19889033,6597248,3829,1239110,353210,8505490,4899148,962721,15183881,8401240,2293630,720203,181077,4117265,75821,3510963
2016/6/21,19368621,6025261,3377,1299796,388595,8023979,4747330,979020,14509417,8102516,2145472,653027,175096,3837770,71430,3539174
2016/6/22,18259914,5768164,4029,1245513,353076,7657958,4493247,852565,13423392,7739092,2114357,669400,155161,3645393,64040,3465146
2016/6/23,18989479,5734742,5400,1234004,378077,7588562,4457675,863726,13513905,7814381,2440254,650950,157687,3851212,66086,3463987
2016/6/24,20815282,6571580,4339,1298667,370932,7734197,4446291,889707,14802730,8392797,2506821,3180689,148922,3876566,72106,3624190
2016/6/25,16306364,4333944,181,637466,189716,5614502,4208568,310006,8923343,6401036,1924549,255473,48117,1911847,35225,3404187
2016/6/26,14147647,3635235,0,563693,146644,4837477,4045527,277352,7583334,6167581,1572072,201975,45887,1600848,30760,3273462
2016/6/27,19390415,6506832,3847,1297185,402634,8067853,4574396,1097599,15115406,8561430,2259392,1083084,191088,4284935,75772,3564710
2016/6/28,18836445,6247678,3490,1308205,493136,7918396,4702585,1058051,14668215,8136721,2116401,881642,187548,3980919,76805,3636922
2016/6/29,19032012,6451329,3251,1351777,511299,7876876,4524319,1102020,14826970,8176931,2110220,1390305,191788,4087164,78643,3528637
2016/6/30,20510589,6850840,3613,1455143,473908,8933810,4857253,1145599,15618882,8547797,2156585,923027,201462,4335472,83385,3725032
2016/7/1,21588897,7129975,3522,1392414,466225,8649447,5739330,1286194,15376252,8418241,2524284,1860963,253483,4169887,74022,4373401
2016/7/2,15544584,4299908,13,613251,231070,5672195,5125175,329521,9447661,6414626,1836929,301962,56809,1904753,36777,3928246
2016/7/3,14935518,3800464,0,537996,166464,5049361,4749097,296757,7802311,6291768,1626226,211354,53742,1755411,33164,3703522
2016/7/4,20934239,6703734,3653,1336672,501355,8366411,4938239,1349089,15057104,8398452,2619933,2535940,250260,3969349,67067,3820454
2016/7/5,20715660,6644864,3007,1255894,567713,8155898,4846917,1191337,14771305,8359462,2625189,1466244,216836,3748974,71100,3762975
2016/7/6,18907157,6117880,3059,1191248,508066,7563315,4731010,1050851,13506023,7874052,2422412,1774777,184330,3520629,65907,3645479
2016/7/7,18837974,6013079,2967,1149617,496921,7908640,4560585,1023167,13361196,7774319,2150881,945070,195768,3494714,66443,3717806
2016/7/8,19280958,6211058,3151,1160852,443374,7720310,4785256,898903,13733736,8233011,2220832,853034,173226,3638480,66881,3716025
2016/7/9,14695391,4045886,0,511936,235992,5384335,5022095,310115,8305655,6111634,1550924,275774,54120,1945551,32549,3514589
2016/7/10,14942764,3858150,12,466564,181466,5184551,5646937,301222,7929105,6166274,1589877,211959,56633,1844016,32302,3408809
2016/7/11,19935245,6495964,3288,1168051,451490,8272228,5325956,1111967,15065731,8372447,2305905,1585490,222917,3959139,67629,3678257
2016/7/12,19429269,6100093,2946,1152672,503703,7944262,5010207,1086497,13954129,8017046,2428900,941910,210801,3897300,66568,3627694
2016/7/13,18357904,5987160,2998,1175130,548582,7150057,4850180,917402,13622411,7855383,2414138,1314228,176260,3797931,65961,3578634
2016/7/14,18346985,5972251,3199,1203240,495206,7647599,4675571,923532,13466593,7693552,2123875,1066849,183129,3826088,66665,3603779
2016/7/15,20662423,6635578,3244,1292459,438560,8841948,4992362,831635,15035770,8738469,2045627,792527,162952,3808128,74687,3891459
2016/7/16,14961599,4145468,0,537520,225839,5587699,4227269,297008,8791641,6253266,1367542,224302,54701,1754843,30476,3585032
2016/7/17,14032340,3338620,2,434139,177091,4920105,4006189,272667,7424779,6059264,1459997,190478,82818,1485269,27983,3461250
2016/7/18,20038183,5644835,3138,1112939,429814,8395495,4552297,1010069,14678002,8375313,2429964,935689,317146,3821493,74144,3727264
2016/7/19,18835630,5339856,3086,1197524,451672,8002572,4425028,1004583,13694643,7783897,2120622,745511,300395,3606687,72538,3707738
2016/7/20,18209259,5393296,3107,1160413,418157,7598529,4678910,862113,13364850,7726276,2076970,809806,264583,3630877,76677,3759553
2016/7/21,19077372,5263779,3445,1154463,427246,8138420,4619706,861606,13465646,7817274,2135825,959199,267003,3509196,76309,3839424
2016/7/22,18781554,5308190,3577,1204910,403809,7785051,4228703,761606,13036041,8100213,2139921,863384,232819,3513004,83038,4068849
2016/7/23,14380849,3491600,2,521639,195068,5410764,4228156,283946,8073938,5978605,1639826,204751,86982,1678837,40482,3680081
2016/7/24,13668041,3152956,0,480329,153418,4780550,4121997,260177,6981129,5675834,1560279,176823,79205,1552869,35405,3537748
2016/7/25,21787137,5904480,3277,1261017,401328,8504942,4753817,1014653,15063051,8683857,2747772,702831,322225,3995237,84413,3915243
2016/7/26,18911254,5397390,3168,1230218,407419,7937050,4672853,1071611,13861233,8085636,2410209,669465,299548,3653903,80481,3928107
2016/7/27,17729017,5283034,3325,1243569,469127,7607246,4610799,864675,13237374,7945470,2016375,521935,262732,3703661,83498,3891336
2016/7/28,17715232,5369593,3401,1279198,389497,8055498,4609703,899138,13490459,7769682,1996433,1067037,278324,3805019,80150,3913093
2016/7/29,18075136,5545046,3541,1374321,363896,8022553,4633725,821355,13571997,8035521,1998875,751783,255584,3901627,82918,4204265
2016/7/30,13689013,3687422,4,599983,182116,5557426,4284326,299830,8378035,5944048,1358331,221892,90335,1712011,44073,4020772
2016/7/31,13507389,3374032,1,549423,153795,5182668,4203753,267561,7555922,6004599,1280303,183468,80203,1621245,42267,4130506
2016/8/1,20763943,6935815,3476,1437358,423936,8753961,5691631,1092652,18299208,8484521,2607378,1002575,326913,4181308,89541,5138829
2016/8/2,19155718,5380511,2837,1207695,398859,7831033,5463524,1041835,13349302,7642059,2533075,846980,302808,3453509,84446,4859815
2016/8/3,19519737,5398678,3122,1293491,381276,7954545,5066749,954334,13566906,7859204,2528616,689645,286130,3463492,87614,4770716
2016/8/4,18802329,5359344,3325,1206994,352383,7982228,4902088,1011217,13253991,7702413,2462017,850373,300326,3320695,89976,4627100
2016/8/5,19800497,5466299,3598,1218876,338840,8175072,4950382,852798,13801201,8221242,2590199,637880,257060,3391019,98449,4748624
2016/8/6,14007512,3573656,0,597148,169791,5367070,4360209,293594,8110830,5833507,1721067,213173,87020,1581761,63900,4410992
2016/8/7,12834939,3117481,0,511284,139103,4899209,4214173,279271,7140217,5746821,1383886,174905,83181,1447904,67427,4363207
2016/8/8,19517651,5901771,3457,1223829,337096,8486082,4774489,1016225,14620689,8182932,2486541,760588,307979,3550009,111706,4894379
2016/8/9,19755700,5748243,2928,1302269,395210,8496730,5643355,1068285,14298719,8186172,2479256,572650,273356,3352419,102325,7277663
2016/8/10,20830839,6186364,3202,1198228,405980,8860396,6014736,945727,15184508,8327419,2546033,1143797,273067,3508808,108216,4410833
2016/8/11,19861419,5929059,3272,1212450,374276,8537290,5466348,861060,14455011,8123782,2566117,894709,249004,3439811,112829,4445086
2016/8/12,18891999,5671753,3342,1226671,342572,8214183,4917959,776393,13725513,7920144,2586200,645620,224940,3370813,117441,4479338
2016/8/13,14416619,3722353,3,586123,204061,5984056,4323233,288795,8505735,5927153,1786020,207608,85571,1634365,86084,4136453
2016/8/14,13008427,3269019,3,522786,148859,5197473,4144074,267853,7456205,5701529,1340507,172723,80112,1453626,95511,4024768
2016/8/15,16756734,4809494,1501,896007,321831,7277427,4716008,679382,11610345,7176001,1865889,493549,182438,2530128,101449,4428148
2016/8/16,20505040,6349968,2998,1269227,494802,9357380,5287941,1090911,15764484,8650472,2391271,814374,284763,3606629,107386,4831527
2016/8/17,19091832,5651339,2727,1190277,452142,8377354,4843169,835862,14075005,7768614,2342618,658479,251736,3383256,105715,4509966
2016/8/18,18481715,5719072,2884,1179513,436788,8422162,4825343,868649,13956905,7810250,2479019,785292,270007,3385606,115505,4387705
2016/8/19,18553052,5782355,3107,1229708,395930,8453498,4803966,803713,14000489,8062121,2255623,634153,245850,3477391,123749,4437582
2016/8/20,14834414,4027089,1,624153,222068,6289078,4451151,304465,9256226,6334689,1524769,198599,90421,1655723,80749,4269680
2016/8/21,13516420,3507328,2,558740,159175,5510344,4239578,273658,7916597,5936242,1415620,171305,79630,1514432,71594,4067776
2016/8/22,20056740,6281659,3296,1260038,393755,9214206,4956473,993364,15590751,8465908,2507778,953737,310291,3740890,119148,4378822
2016/8/23,20638372,6041351,3252,1272202,406862,9019747,4861337,1204864,14888975,8256138,2607052,611839,294966,3548144,107654,4458624
2016/8/24,20201637,5942921,3087,1258214,383799,8716678,4777621,840234,14433360,8213942,2623500,532155,258939,3617394,108573,4435462
2016/8/25,21843781,6429778,3354,1292785,386917,9617863,4994698,847799,15399179,8495598,2841608,646509,260600,3671409,136072,4512098
2016/8/26,20131130,6935953,3392,1284993,353266,8879960,4920935,780390,14828799,8567605,2547897,568154,235762,3711114,134142,4555849
2016/8/27,14968205,5203471,0,594848,192571,6242645,4493417,290866,9143408,6596418,1505640,203140,84659,1655900,61928,4281741
2016/8/28,14317842,4674469,0,550275,154954,5704507,4514950,284381,8205378,6414794,1404456,178863,81876,1535968,55175,4215029
2016/8/29,20097315,7289252,3411,1315901,370966,9326692,4929879,960737,15467387,8600881,2326414,676502,292967,4129059,107376,4446373
2016/8/30,19869360,6582800,3074,1345385,406960,9164845,4932750,1040789,15026492,8406705,2237025,553470,289684,3897965,105080,4558519
2016/8/31,20634793,6308502,3162,1390885,370488,9295692,5131117,894218,15626739,8526614,2356350,563114,270520,3964816,108731,4675541
2016/9/1,21740630,6302611,3231,1367442,390358,9203993,5970286,907091,15401674,8362567,2847607,508544,276420,4055915,110366,5273639
2016/9/2,21448812,6030202,3204,1277448,368928,9354275,5662667,799602,14833533,8440614,2823035,634630,242645,3487919,99918,5231531
2016/9/3,16822378,4147019,1,576243,191256,6919002,5016474,301587,9282464,6644663,2006242,227132,90929,1735636,55243,4740777
2016/9/4,15871298,3854833,0,506263,157603,6198813,4872836,282169,8329143,6448944,1809560,182518,83706,1576964,52089,4576627
2016/9/5,22761988,6469414,2868,1229050,373638,10044897,5350571,970886,15956522,8902048,3035882,683111,298703,3786735,103385,4874610
2016/9/6,20718506,5949904,2868,1184629,408361,9245994,5142047,986291,14921915,8207426,2760629,659578,282863,3462918,102603,4847070
2016/9/7,19454828,5742202,3205,1136035,431271,8891232,5016615,856832,14045559,8067606,2385563,944332,257395,3327831,99450,4767234
2016/9/8,20476785,6117664,3149,1150557,385703,9461549,5118982,859189,14620978,7957975,2548728,590696,255260,3435505,104037,4884976
2016/9/9,21498028,6492352,3553,1219651,369747,9593195,6315039,799414,15367013,8673914,2635227,566286,238588,3527045,93460,5096853
2016/9/10,17488770,4491973,0,584028,201363,7243235,6010234,319865,10120027,6895536,1885114,207594,94448,1774473,54145,5181916
2016/9/11,15213396,3829548,3,488634,156472,6201755,5011764,295641,8197525,6456872,1622876,177218,87293,1547209,54052,4605285
2016/9/12,22553750,6877100,3191,1187081,404070,10336060,5490845,984184,16513050,9001613,2864811,762367,305267,3864260,101795,4871870
2016/9/13,21509967,6652453,3181,1220927,364958,9860144,5095169,925228,15648188,8763572,2744731,648888,262140,3557314,106230,5023376
2016/9/14,23265226,7256405,3802,1275122,327664,11122698,5426818,789365,17004389,9636915,2434004,661173,234562,4016722,98568,5827263
2016/9/15,15044925,3851313,0,605859,146426,5920936,4608959,245148,7737650,6603132,1189117,286885,66622,1603893,53144,8253834
2016/9/16,14404463,3707377,0,488212,140304,5792313,4648411,275191,8195139,5999453,1443431,286662,80185,1568491,49636,4757324
2016/9/17,15205925,3723647,1,453066,140383,6130047,4675572,284855,8384555,5954860,1663947,185836,85057,1531506,50437,4665373
2016/9/18,21337901,5955138,3128,1090075,256628,9018829,5177511,789885,14551027,7970974,2570941,224876,249710,3768529,87462,4879618
2016/9/19,21252394,6574077,2896,1191733,375471,9758675,5254563,1047865,16204855,8381657,2556325,751774,326100,3631683,100962,4883519
2016/9/20,21437061,6690477,3072,1178687,393968,9641971,5338891,952255,15943254,8485888,2506272,511377,276243,3697327,104561,5078392
2016/9/21,20695501,6358186,3191,1265793,372250,9226019,5215505,856174,15314683,8267302,2498254,757590,256394,3729212,101716,5058382
2016/9/22,20507312,6292955,3282,1169098,386052,9164914,5146245,845590,14978514,8212052,2547285,859444,254196,3621360,103909,4958545
2016/9/23,21517606,6466889,3400,1232223,389224,9101374,5201150,808505,15149284,8622443,2800156,675946,241683,3783164,102472,5056286
2016/9/24,17375459,4399474,2,501104,193567,6990704,4866247,307459,9754854,6838727,2015308,204794,87855,1761766,54991,4919194
2016/9/25,17862058,4118709,5,460250,165484,6782219,4835746,303864,9151137,6819389,2154815,181840,86609,1642418,69696,4840927
2016/9/26,22450394,6933171,3523,1284298,376089,10362623,5303106,1044727,16648978,9119033,2806639,718161,309259,4152533,115963,5126466
2016/9/27,21565973,6737400,3511,1295412,393199,10315303,5279988,969125,15962094,8912169,2474960,576391,282045,4062856,120139,5247566
2016/9/28,21522869,6759376,3446,1369641,356724,10472741,5272961,905193,16172417,8887854,2321100,635152,264775,4152433,138246,5236531
2016/9/29,23449495,6974957,3843,1453382,345605,11218663,5228682,953506,16991341,9141946,2415762,638795,282206,4329489,151660,5337946
2016/9/30,25283428,7930503,4937,1587759,331936,10916996,5759243,1052534,19490847,10685553,2526470,586806,285034,4604552,177504,5781325
2016/10/1,15865584,4072713,432,597355,155467,5352337,5540655,228130,8113844,7411069,1660212,186891,58854,1939165,81759,6324499
2016/10/2,13395366,3403523,0,545470,124372,4440825,4986668,200560,7030842,6342942,1546050,165754,52646,1551732,81899,5271694
2016/10/3,13127110,3405326,0,456669,121137,4442427,4721229,208402,6896651,6155455,1628474,345215,56044,1486502,71465,4992437
2016/10/4,13552267,3567689,3,469316,128924,4808562,4662303,234688,7986931,6083963,1646715,406499,64085,1538572,74219,4898598
2016/10/5,13591412,3647962,2,503213,131938,4946170,4644050,255986,8222703,6064012,1728714,396031,71492,1550553,83484,4847888
2016/10/6,13630557,3728235,0,537109,134952,5083778,4625797,277284,8458474,6044061,1810713,385562,78898,1562534,92749,4797177
2016/10/7,13772545,4059292,0,515589,147103,5426854,4944677,351684,8905161,6125196,1595208,450244,104298,1627193,94165,4986638
2016/10/8,22107388,6616499,4606,1515882,279443,9512197,5547804,1071255,16572321,8907078,2890742,286476,342973,4622196,138861,5218578
2016/10/9,20823904,5979241,2969,1304112,255657,8630184,6405089,836424,14968027,8008975,2675938,233247,270090,3397707,135669,5278189
2016/10/10,23519898,7411163,2500,1392933,467649,10245882,6989792,1337430,18325736,9141176,2900283,1001231,401122,3781045,148768,5477077
2016/10/11,20995280,6652259,3219,1319709,559000,9222738,5903989,1121642,16664447,8639000,2654414,654973,340736,3735349,156351,5414746
2016/10/12,20483850,6462850,3201,1257632,464671,8995323,5546224,962848,15749260,8301353,2788476,475120,286079,3650272,147129,5212365
2016/10/13,19677428,6402215,3310,1287049,408066,9095898,5229830,908175,15606362,8400933,2776796,596825,273635,3629275,162397,5257672
2016/10/14,19946332,6633399,3572,1377334,375727,9406872,5335918,817376,15958526,8809805,2495017,478648,243031,3764525,159144,5508801
2016/10/15,16183166,4663103,0,794156,207140,7078469,5187414,308799,11125475,6869724,1596582,196359,90229,1770248,124726,5477190
2016/10/16,14114787,3991579,1,730011,157844,6182181,5008287,287919,9207199,6536178,1471770,173347,83016,1639710,140101,5285654
2016/10/17,20408392,7025104,3245,1470633,397822,10303947,5376995,987201,17361315,8828112,2750388,480333,303860,4067569,193050,5509846
2016/10/18,19263675,6593251,3362,1457684,433510,9744157,5295010,979238,16143756,8346595,2638306,692914,284227,3856447,206143,5556079
2016/10/19,18272412,6337615,3148,1460125,444620,9761128,5180677,863465,15669520,8247840,2543741,515958,257086,3919450,222049,5502716
2016/10/20,19319801,6681426,3366,1480562,393714,10711013,5300781,851292,16229252,8576323,2557178,543900,258256,3841554,278231,5773175
2016/10/21,17979700,6248961,3462,1460098,363415,8640499,5218209,789199,14518660,8705862,2435627,509523,233048,3722571,193191,5724385
2016/10/22,13803650,4327928,0,763658,198960,5949571,4815075,300109,9359061,6579184,1634657,205597,86325,1789287,134948,5515530
2016/10/23,14485680,3486056,537,668783,175872,5560475,4924381,3272262,6744050,6718803,1783420,183590,100412,1427728,144926,5397778
2016/10/24,21013998,6900598,3173,1642441,439017,9485137,5189613,1013430,16287956,9131977,3094441,541773,324831,4026176,185265,5578206
2016/10/25,21851967,7155221,3194,1581465,503460,9745211,5283301,1076209,16315609,9291521,3233413,627862,297206,4009622,178597,5760637
2016/10/26,18464686,6422149,2069,1528663,496351,8307690,5323818,976674,15098244,8352575,2835771,724121,309246,4121391,165621,5341046
2016/10/27,18383118,6559231,5202,1758183,359375,9580529,5021031,1626257,15280571,9290369,2623209,494327,229046,4185730,154425,6157610
2016/10/28,17966732,6379453,3650,1610707,364914,8753382,5343129,998010,14570763,8996094,2375647,493133,233741,4158765,147778,5942538
2016/10/29,13670800,4327069,0,774665,188062,5759311,4929110,287576,9062487,6894065,1502351,215933,96127,1762084,84694,5563737
2016/10/30,12893670,3929484,1,708017,157670,5409568,5000828,507315,7521984,6904046,1485353,182915,93752,1656932,99322,5493647
2016/10/31,18602672,7166066,3283,1687360,356993,9686609,5645411,950759,14881615,9413209,2544803,629174,297274,4576782,147277,6039412
2016/11/1,20027303,7150660,3037,1682336,406745,9628571,6305190,968782,14823372,9140564,3026052,715614,299305,4004018,145325,6863544
2016/11/2,19274201,6814918,3317,1529296,426536,9031720,5934580,854017,13827513,8966912,3061630,859885,269437,3560600,134493,6629578
2016/11/3,16713051,6646260,3315,1485497,400509,9015551,5515712,856629,12913998,8667992,2963769,838269,265552,3514901,133961,6415363
2016/11/4,15994562,6365837,3424,1364600,376922,8764194,5342545,830329,12755907,9132052,2845182,683775,249380,3456606,121749,6435146
2016/11/5,13502286,4501220,0,763353,212807,6556119,5136510,1101432,8300059,7617948,2463164,230985,110162,1863253,75610,6482871
2016/11/6,11792078,3869056,0,656724,162852,5323246,4900782,785006,6936447,6848030,1898877,195902,101283,1579602,78235,5950887
2016/11/7,14999199,6648854,3635,1432907,368169,8806393,5291236,984704,13135533,8850858,2680839,699582,313923,3704549,113601,6251053
2016/11/8,15430529,6592496,3357,1527993,413555,8591776,5394500,936645,12942026,8743768,2740269,646466,297244,3493500,107498,6213677
2016/11/9,15383609,6776967,3542,1386577,407816,8390831,6265036,891268,13196014,8872449,2696499,3029734,276536,3506313,115872,6092791
2016/11/10,18586920,7210874,3181,1463432,399708,9735109,6622725,866520,14076754,9644174,2894330,1137957,276075,3659228,117604,6340151
2016/11/11,16353159,7466606,3646,1693451,436511,9286345,12420035,801476,13591732,9827022,2780360,1088343,254786,3568954,111072,7480794
2016/11/12,12230691,4436241,0,722792,235338,5887513,5428752,306610,7954196,6830799,2105614,279266,103040,1716779,71649,5881428
2016/11/13,11543145,3825201,4,637350,172023,5169416,4741790,297255,7068186,6684995,1967401,209083,100504,674208,66204,5747631
2016/11/14,15487071,6722814,3499,1399792,445227,8861657,5062806,983445,13605924,9003614,2621554,1391022,319027,2729721,126044,5978465
2016/11/15,16572711,7562144,3224,1438076,480262,9876294,5485700,915541,14588680,9438396,2518587,977080,288897,2699670,117846,6304067
2016/11/16,15673837,6722533,3258,1385641,460128,8836687,5262423,840788,13540658,8847588,2470755,889354,264235,2526606,121291,6299362
2016/11/17,14972036,6176481,3305,1374730,403608,8456797,4961763,802333,12389768,8380978,2664681,610672,259798,2404575,111703,6059652
2016/11/18,14887023,6400331,3409,1420978,382030,8684832,5084851,750175,12639339,8886079,2664025,1028351,237507,2543765,120997,6254659
2016/11/19,11340372,4259284,0,698713,198167,5654508,4798692,294834,7743790,6718109,1612164,225840,100201,795132,67969,5882016
2016/11/20,11080730,3989574,8,762901,163948,5381782,4966144,297809,7348791,6829634,1551832,195754,102630,647009,72770,5937943
2016/11/21,15087736,6711893,3550,1403465,394034,8980458,5326659,993791,13329802,9110104,2663007,844250,316774,2843380,127333,6237238
2016/11/22,15078655,6450233,3503,1392317,443376,8605948,5307363,906367,12723101,9013495,2742897,700082,290090,2702044,122255,6206848
2016/11/23,15069573,6188573,3456,1381169,492717,8231437,5288067,818943,12116400,8916886,2822787,555913,263406,2560708,117176,6176457
2016/11/24,15537594,6151190,3260,1430035,407086,8328034,5236573,807446,12382262,8892692,2779064,783994,261324,2534827,114991,6510201
2016/11/25,17131247,6699395,3666,1528292,391261,9155815,5378990,797807,13562884,9743320,3031859,1020500,249829,2755456,134400,6272867
2016/11/26,11697507,4304328,7,704194,235555,5862548,4979344,302816,7983028,7111381,1887892,227545,101622,834154,79650,5952880
2016/11/27,11007968,3818837,9,639602,176063,5196700,4999323,281811,7076783,6966293,1517015,192841,96069,721217,77698,5848906
2016/11/28,15632864,6912173,3312,1520622,433271,9378882,5519910,969514,13800470,9534089,2717602,1051352,309254,3216013,143110,6259892
2016/11/29,15127722,6781847,3478,1608115,490144,9321570,5218837,891709,13377673,9211105,2537462,667285,290521,3108684,139194,6204684
2016/11/30,16253955,7250532,3098,1659944,430075,10070486,5438438,887054,14468768,9748695,2671464,655380,284365,3210567,147696,6506971
2016/12/1,18203682,7602208,3257,1701747,434208,10284652,6416213,908856,14343742,9313863,3078824,997091,290022,3085058,127158,7397805
2016/12/2,15755662,6144959,1629,1225336,322535,8357297,5850875,613409,11458956,8312139,2602124,614488,198493,1987636,112233,7022672
2016/12/3,13307641,4687710,0,748925,210862,6429942,5285537,317962,8574170,7310414,2125424,231885,106964,890213,97308,6647539
2016/12/4,12625944,4222202,4,696577,175595,5731794,5135345,305439,7539913,7097387,1945219,194589,102800,754844,83078,6772559
2016/12/5,17779297,7141901,3477,1567284,393960,9856396,5524708,1028437,14286932,9804305,3293040,924544,315218,2981653,138150,6949925
2016/12/6,16217196,6616615,3244,1536505,392776,9183466,5260318,969089,13300179,9228332,2931136,738249,288051,2656139,132856,6833743
2016/12/7,15237378,6367038,3252,1517117,376470,8518106,5068421,870713,12863596,8882209,2639548,535034,260160,2621971,135787,6865993
2016/12/8,15503028,6447661,3173,1507919,372994,8722466,5149994,890459,12974829,9054177,2699683,744534,270282,2586663,137045,6730825
2016/12/9,16196018,6800885,3746,1575033,346997,9071384,6398866,818251,13613872,9571218,2749342,641828,253287,2818186,132770,7130841
2016/12/10,13102357,4754479,0,781455,198179,6718564,7034961,329778,8890203,7763029,2035824,222597,108993,917059,79068,6777534
2016/12/11,11857060,4066858,5,724319,164607,5525801,5478057,317793,7543628,7067677,1801898,190521,107328,734935,73491,6673715
2016/12/12,17100755,7235408,3651,1652489,383754,9887398,9319824,1076204,14623623,9997369,3152218,708585,332590,3151380,139983,7203029
2016/12/13,15626272,6591948,3222,1593159,423976,9034493,5297663,1025775,13327376,9326273,3002011,600948,311796,2761611,136425,6776781
2016/12/14,15244825,6362188,3221,1542245,353459,8683016,5144718,1009062,12950245,9371880,2544575,635341,295300,2746645,150178,6636816
2016/12/15,17143813,7358343,3573,1642818,364425,10360785,5727374,984003,14931407,9819874,2596065,1041645,295739,2963697,160106,6990688
2016/12/16,16147460,6812710,3401,1618067,344390,9415734,5552222,903213,14107020,9578349,2480183,836466,271632,2896046,156389,7224980
2016/12/17,12443358,4323405,6,911211,193283,6051818,5101070,333420,8393813,7046868,1874145,248280,129626,870302,103608,6766691
2016/12/18,11778809,3948682,0,662509,165050,5590062,5081761,327827,7443271,6887784,1733415,188728,131539,718475,95967,6649236
2016/12/19,16274960,6920505,3549,1588661,376481,9998490,5602514,1144282,14460511,9640334,2729466,685500,374653,3345933,154266,6977865
2016/12/20,16203901,7184556,3273,1650147,379594,10292232,5604711,1247722,14464548,9615646,2673928,863220,379440,3164015,166836,7285329
2016/12/21,15578980,6771462,3230,1716544,362478,9367567,5518440,1134775,13533517,9217680,2566606,847602,364179,3139693,162067,7767004
2016/12/22,16962102,6746772,3500,1750353,385907,9965315,5461268,1261251,14274992,9468177,2819475,684331,394610,3032040,160940,7256851
2016/12/23,17859435,6908003,3899,1867348,356289,10103123,5565826,1090372,14371827,10235566,3052721,547816,351192,3340473,157199,7469290
2016/12/24,13315163,4529271,1,865545,208626,6524073,5174316,383700,8752704,7635436,1991680,224190,168371,1025983,94363,8055362
2016/12/25,13899816,4479801,8,871459,190463,6188478,5617292,412567,8361966,7783169,2274048,232799,178605,882462,95529,8091165
2016/12/26,17121113,7152103,3346,1911260,400973,9988419,5801580,1597311,14962963,10220081,3036675,518579,454370,3894743,158322,7320014
2016/12/27,16498275,7219911,3340,1935721,402276,10037086,5596366,1243526,14964779,9842269,2663405,867713,426914,3483962,157602,7215451
2016/12/28,16084825,7144723,3461,1932192,375928,9833086,5642514,1213930,14975432,9765476,2581176,734136,415028,3588904,189882,7295248
2016/12/29,16577510,7318523,3685,1831532,378409,10417233,5421863,1221407,15212772,9679025,2609894,979474,419616,3621076,182584,7340148
2016/12/30,17732518,8059787,3641,2007323,348445,11045672,5878271,1220526,16614642,10636456,2622685,802334,390191,3909731,186539,7900274
2016/12/31,14803629,5597419,28,1149829,296553,7839798,5365586,481652,11086316,8752547,1916239,269416,204970,1884412,105412,7964922
,,,,,,,,,,,,,,,,
,,,,,,,,,,,,,,,,
,,,,,,,,,,,,,,,,
,,,,,,,,,,,,,,,,
,,,,,,,,,,,,,,,,
,,,,,,,,,,,,,,,,
,,,,,,,,,,,,,,,,
,,,,,,,,,,,,,,,,
,,,,,,,,,,,,,,,,
,,,,,,,,,,,,,,,,
,,,,,,,,,,,,,,,,
,,,,,,,,,,,,,,,,
,,,,,,,,,,,,,,,,
,,,,,,,,,,,,,,,,
,,,,,,,,,,,,,,,,
,,,,,,,,,,,,,,,,
,,,,,,,,,,,,,,,,
,,,,,,,,,,,,,,,,
,,,,,,,,,,,,,,,,
,,,,,,,,,,,,,,,,
,,,,,,,,,,,,,,,,
,,,,,,,,,,,,,,,,
,,,,,,,,,,,,,,,,
,,,,,,,,,,,,,,,,
,,,,,,,,,,,,,,,,
,,,,,,,,,,,,,,,,
,,,,,,,,,,,,,,,,
,,,,,,,,,,,,,,,,
,,,,,,,,,,,,,,,,
,,,,,,,,,,,,,,,,
,,,,,,,,,,,,,,,,
,,,,,,,,,,,,,,,,
,,,,,,,,,,,,,,,,
,,,,,,,,,,,,,,,,
,,,,,,,,,,,,,,,,
,,,,,,,,,,,,,,,,
,,,,,,,,,,,,,,,,
,,,,,,,,,,,,,,,,
,,,,,,,,,,,,,,,,
,,,,,,,,,,,,,,,,
,,,,,,,,,,,,,,,,
,,,,,,,,,,,,,,,,
,,,,,,,,,,,,,,,,
,,,,,,,,,,,,,,,,
,,,,,,,,,,,,,,,,
,,,,,,,,,,,,,,,,
,,,,,,,,,,,,,,,,
,,,,,,,,,,,,,,,,
,,,,,,,,,,,,,,,,
,,,,,,,,,,,,,,,,
,,,,,,,,,,,,,,,,
,,,,,,,,,,,,,,,,
,,,,,,,,,,,,,,,,
,,,,,,,,,,,,,,,,
,,,,,,,,,,,,,,,,
,,,,,,,,,,,,,,,,
,,,,,,,,,,,,,,,,
,,,,,,,,,,,,,,,,
,,,,,,,,,,,,,,,,
,,,,,,,,,,,,,,,,
,,,,,,,,,,,,,,,,
,,,,,,,,,,,,,,,,
,,,,,,,,,,,,,,,,
,,,,,,,,,,,,,,,,
,,,,,,,,,,,,,,,,
,,,,,,,,,,,,,,,,
,,,,,,,,,,,,,,,,
,,,,,,,,,,,,,,,,
,,,,,,,,,,,,,,,,
,,,,,,,,,,,,,,,,
,,,,,,,,,,,,,,,,
,,,,,,,,,,,,,,,,
,,,,,,,,,,,,,,,,
,,,,,,,,,,,,,,,,
,,,,,,,,,,,,,,,,
,,,,,,,,,,,,,,,,
,,,,,,,,,,,,,,,,
,,,,,,,,,,,,,,,,
,,,,,,,,,,,,,,,,
,,,,,,,,,,,,,,,,
,,,,,,,,,,,,,,,,
,,,,,,,,,,,,,,,,
,,,,,,,,,,,,,,,,
,,,,,,,,,,,,,,,,
,,,,,,,,,,,,,,,,
,,,,,,,,,,,,,,,,
,,,,,,,,,,,,,,,,
,,,,,,,,,,,,,,,,
,,,,,,,,,,,,,,,,
,,,,,,,,,,,,,,,,
,,,,,,,,,,,,,,,,
,,,,,,,,,,,,,,,,
,,,,,,,,,,,,,,,,
,,,,,,,,,,,,,,,,
,,,,,,,,,,,,,,,,
,,,,,,,,,,,,,,,,
,,,,,,,,,,,,,,,,
,,,,,,,,,,,,,,,,
,,,,,,,,,,,,,,,,
,,,,,,,,,,,,,,,,
,,,,,,,,,,,,,,,,
,,,,,,,,,,,,,,,,
,,,,,,,,,,,,,,,,
,,,,,,,,,,,,,,,,
,,,,,,,,,,,,,,,,
,,,,,,,,,,,,,,,,
,,,,,,,,,,,,,,,,
,,,,,,,,,,,,,,,,
,,,,,,,,,,,,,,,,
,,,,,,,,,,,,,,,,
,,,,,,,,,,,,,,,,
,,,,,,,,,,,,,,,,
,,,,,,,,,,,,,,,,
,,,,,,,,,,,,,,,,
,,,,,,,,,,,,,,,,
,,,,,,,,,,,,,,,,
,,,,,,,,,,,,,,,,
,,,,,,,,,,,,,,,,
,,,,,,,,,,,,,,,,
,,,,,,,,,,,,,,,,
,,,,,,,,,,,,,,,,
,,,,,,,,,,,,,,,,
,,,,,,,,,,,,,,,,
,,,,,,,,,,,,,,,,
,,,,,,,,,,,,,,,,
,,,,,,,,,,,,,,,,
,,,,,,,,,,,,,,,,
,,,,,,,,,,,,,,,,
,,,,,,,,,,,,,,,,
,,,,,,,,,,,,,,,,
,,,,,,,,,,,,,,,,
,,,,,,,,,,,,,,,,
,,,,,,,,,,,,,,,,
,,,,,,,,,,,,,,,,
,,,,,,,,,,,,,,,,
,,,,,,,,,,,,,,,,
,,,,,,,,,,,,,,,,
,,,,,,,,,,,,,,,,
,,,,,,,,,,,,,,,,
,,,,,,,,,,,,,,,,
,,,,,,,,,,,,,,,,
,,,,,,,,,,,,,,,,
,,,,,,,,,,,,,,,,
,,,,,,,,,,,,,,,,
,,,,,,,,,,,,,,,,
,,,,,,,,,,,,,,,,
,,,,,,,,,,,,,,,,
,,,,,,,,,,,,,,,,
,,,,,,,,,,,,,,,,
,,,,,,,,,,,,,,,,
,,,,,,,,,,,,,,,,
,,,,,,,,,,,,,,,,
,,,,,,,,,,,,,,,,
,,,,,,,,,,,,,,,,
,,,,,,,,,,,,,,,,
,,,,,,,,,,,,,,,,
,,,,,,,,,,,,,,,,
,,,,,,,,,,,,,,,,
,,,,,,,,,,,,,,,,
,,,,,,,,,,,,,,,,
,,,,,,,,,,,,,,,,
,,,,,,,,,,,,,,,,
,,,,,,,,,,,,,,,,
,,,,,,,,,,,,,,,,
,,,,,,,,,,,,,,,,
,,,,,,,,,,,,,,,,
,,,,,,,,,,,,,,,,
,,,,,,,,,,,,,,,,
,,,,,,,,,,,,,,,,
,,,,,,,,,,,,,,,,
,,,,,,,,,,,,,,,,
,,,,,,,,,,,,,,,,
,,,,,,,,,,,,,,,,
,,,,,,,,,,,,,,,,
,,,,,,,,,,,,,,,,
,,,,,,,,,,,,,,,,
,,,,,,,,,,,,,,,,
,,,,,,,,,,,,,,,,
,,,,,,,,,,,,,,,,
,,,,,,,,,,,,,,,,
,,,,,,,,,,,,,,,,
,,,,,,,,,,,,,,,,
,,,,,,,,,,,,,,,,
,,,,,,,,,,,,,,,,
,,,,,,,,,,,,,,,,
,,,,,,,,,,,,,,,,
,,,,,,,,,,,,,,,,
,,,,,,,,,,,,,,,,
,,,,,,,,,,,,,,,,
,,,,,,,,,,,,,,,,
,,,,,,,,,,,,,,,,
,,,,,,,,,,,,,,,,
,,,,,,,,,,,,,,,,
,,,,,,,,,,,,,,,,
,,,,,,,,,,,,,,,,
,,,,,,,,,,,,,,,,
,,,,,,,,,,,,,,,,
,,,,,,,,,,,,,,,,
,,,,,,,,,,,,,,,,
,,,,,,,,,,,,,,,,
,,,,,,,,,,,,,,,,
,,,,,,,,,,,,,,,,
,,,,,,,,,,,,,,,,
,,,,,,,,,,,,,,,,
,,,,,,,,,,,,,,,,
,,,,,,,,,,,,,,,,
,,,,,,,,,,,,,,,,
,,,,,,,,,,,,,,,,
,,,,,,,,,,,,,,,,
,,,,,,,,,,,,,,,,
,,,,,,,,,,,,,,,,
,,,,,,,,,,,,,,,,
,,,,,,,,,,,,,,,,
,,,,,,,,,,,,,,,,
,,,,,,,,,,,,,,,,
,,,,,,,,,,,,,,,,
,,,,,,,,,,,,,,,,
,,,,,,,,,,,,,,,,
,,,,,,,,,,,,,,,,
,,,,,,,,,,,,,,,,
,,,,,,,,,,,,,,,,
,,,,,,,,,,,,,,,,
,,,,,,,,,,,,,,,,
,,,,,,,,,,,,,,,,
,,,,,,,,,,,,,,,,
,,,,,,,,,,,,,,,,
,,,,,,,,,,,,,,,,
,,,,,,,,,,,,,,,,
,,,,,,,,,,,,,,,,
,,,,,,,,,,,,,,,,
,,,,,,,,,,,,,,,,
,,,,,,,,,,,,,,,,
,,,,,,,,,,,,,,,,
,,,,,,,,,,,,,,,,
,,,,,,,,,,,,,,,,
,,,,,,,,,,,,,,,,
,,,,,,,,,,,,,,,,
,,,,,,,,,,,,,,,,
,,,,,,,,,,,,,,,,
,,,,,,,,,,,,,,,,
,,,,,,,,,,,,,,,,
,,,,,,,,,,,,,,,,
,,,,,,,,,,,,,,,,
,,,,,,,,,,,,,,,,
,,,,,,,,,,,,,,,,
,,,,,,,,,,,,,,,,
,,,,,,,,,,,,,,,,
,,,,,,,,,,,,,,,,
,,,,,,,,,,,,,,,,
,,,,,,,,,,,,,,,,
,,,,,,,,,,,,,,,,
,,,,,,,,,,,,,,,,
,,,,,,,,,,,,,,,,
,,,,,,,,,,,,,,,,
,,,,,,,,,,,,,,,,
,,,,,,,,,,,,,,,,
,,,,,,,,,,,,,,,,
,,,,,,,,,,,,,,,,
,,,,,,,,,,,,,,,,
,,,,,,,,,,,,,,,,
,,,,,,,,,,,,,,,,
,,,,,,,,,,,,,,,,
,,,,,,,,,,,,,,,,
,,,,,,,,,,,,,,,,
,,,,,,,,,,,,,,,,
,,,,,,,,,,,,,,,,
,,,,,,,,,,,,,,,,
,,,,,,,,,,,,,,,,
,,,,,,,,,,,,,,,,
,,,,,,,,,,,,,,,,
,,,,,,,,,,,,,,,,
,,,,,,,,,,,,,,,,
,,,,,,,,,,,,,,,,
,,,,,,,,,,,,,,,,
,,,,,,,,,,,,,,,,
,,,,,,,,,,,,,,,,
,,,,,,,,,,,,,,,,
,,,,,,,,,,,,,,,,
,,,,,,,,,,,,,,,,
,,,,,,,,,,,,,,,,
,,,,,,,,,,,,,,,,
,,,,,,,,,,,,,,,,
,,,,,,,,,,,,,,,,
,,,,,,,,,,,,,,,,
,,,,,,,,,,,,,,,,
,,,,,,,,,,,,,,,,
,,,,,,,,,,,,,,,,
,,,,,,,,,,,,,,,,
,,,,,,,,,,,,,,,,
,,,,,,,,,,,,,,,,
,,,,,,,,,,,,,,,,
,,,,,,,,,,,,,,,,
,,,,,,,,,,,,,,,,
,,,,,,,,,,,,,,,,
,,,,,,,,,,,,,,,,
,,,,,,,,,,,,,,,,
,,,,,,,,,,,,,,,,
,,,,,,,,,,,,,,,,
,,,,,,,,,,,,,,,,
,,,,,,,,,,,,,,,,
,,,,,,,,,,,,,,,,
,,,,,,,,,,,,,,,,
,,,,,,,,,,,,,,,,
,,,,,,,,,,,,,,,,
,,,,,,,,,,,,,,,,
,,,,,,,,,,,,,,,,
,,,,,,,,,,,,,,,,
,,,,,,,,,,,,,,,,
,,,,,,,,,,,,,,,,
,,,,,,,,,,,,,,,,
,,,,,,,,,,,,,,,,
,,,,,,,,,,,,,,,,
,,,,,,,,,,,,,,,,
,,,,,,,,,,,,,,,,
,,,,,,,,,,,,,,,,
,,,,,,,,,,,,,,,,
,,,,,,,,,,,,,,,,
,,,,,,,,,,,,,,,,
,,,,,,,,,,,,,,,,
,,,,,,,,,,,,,,,,
,,,,,,,,,,,,,,,,
,,,,,,,,,,,,,,,,
,,,,,,,,,,,,,,,,
,,,,,,,,,,,,,,,,
,,,,,,,,,,,,,,,,
,,,,,,,,,,,,,,,,
,,,,,,,,,,,,,,,,
,,,,,,,,,,,,,,,,
,,,,,,,,,,,,,,,,