START_DATE,ELAPSED_MINUTE,DATE,YEAR,MONTH,DAY,WEEKDAY,IS_WEEKEND,IS_MONTHEND,NEXTDAY,LASTDAY,REFER_DATE,IS_HOLIDAY,IS_SPECIALDAY,BT01,BT02,BT03,BT04,BT05,BT06,BT07,BT08,BT09,BT10,BT11,BT12,BT13,BT14,BT15,BT16,date
2016/1/2,160,2016/1/1,2016,1,1,5,0,0,2016/1/2,2015/12/31,2015/12/1,1,0,15924923.0,2030187.0,22549.0,726674.0,217424.0,5671994.0,4224540.0,290870.0,8674571.0,6793745.0,1378925.0,184705.0,33585.0,3215742.0,46389.0,4826739.0,2016-01-01
2016/1/3,149,2016/1/2,2016,1,2,6,1,0,2016/1/3,2016/1/1,2015/12/2,0,0,14681310.0,1939513.0,23757.0,543538.0,174603.0,5293340.0,4029561.0,256880.0,8579600.0,6197802.0,1522222.0,170271.0,33750.0,2782242.0,36342.0,2874246.0,2016-01-02
2016/1/4,145,2016/1/3,2016,1,3,7,1,0,2016/1/4,2016/1/2,2015/12/3,0,0,14733718.0,1981997.0,21948.0,500987.0,171383.0,5378445.0,3814038.0,285607.0,8819164.0,6031757.0,1538040.0,168761.0,38897.0,2682481.0,35149.0,2651567.0,2016-01-03
2016/1/5,187,2016/1/4,2016,1,4,1,0,0,2016/1/5,2016/1/3,2015/12/4,0,0,22202493.0,3838587.0,52018.0,1436257.0,787581.0,9240306.0,4270735.0,1283273.0,17654698.0,8187772.0,3033516.0,753684.0,237844.0,7216136.0,82694.0,2819131.0,2016-01-04
2016/1/6,164,2016/1/5,2016,1,5,2,0,0,2016/1/6,2016/1/4,2015/12/5,0,0,21236721.0,3726184.0,36771.0,1255771.0,728991.0,8976371.0,4080801.0,1315945.0,17000050.0,7871548.0,2908877.0,560995.0,212150.0,6264452.0,75047.0,2891914.0,2016-01-05
2016/1/7,160,2016/1/6,2016,1,6,3,0,0,2016/1/7,2016/1/5,2015/12/6,0,0,19836488.0,3502146.0,40152.0,1186142.0,575573.0,8392717.0,3947264.0,942120.0,15969660.0,7497292.0,2610506.0,715422.0,173013.0,5850839.0,73108.0,2818530.0,2016-01-06
2016/1/8,155,2016/1/7,2016,1,7,4,0,0,2016/1/8,2016/1/6,2015/12/7,0,0,19187526.0,3510944.0,35329.0,1151195.0,544460.0,8442142.0,3773512.0,937435.0,15675615.0,7324894.0,2254034.0,1270005.0,168362.0,5630353.0,71049.0,2718317.0,2016-01-07
2016/1/9,159,2016/1/8,2016,1,8,5,0,0,2016/1/9,2016/1/7,2015/12/8,0,0,20023139.0,3588217.0,53431.0,1152291.0,558811.0,8513086.0,3849965.0,856878.0,16727916.0,7967033.0,2364799.0,892032.0,153196.0,5929564.0,69321.0,2816818.0,2016-01-08
2016/1/10,154,2016/1/9,2016,1,9,6,1,0,2016/1/10,2016/1/8,2015/12/9,0,0,15315457.0,2230274.0,19368.0,580636.0,237874.0,5797849.0,3876718.0,287478.0,10314824.0,6026298.0,1461175.0,213150.0,39900.0,2719911.0,32494.0,2521701.0,2016-01-09
2016/1/11,146,2016/1/10,2016,1,10,7,1,0,2016/1/11,2016/1/9,2015/12/10,0,0,15542109.0,3063617.0,17501.0,440670.0,173459.0,5814645.0,4293168.0,285604.0,8865022.0,6146078.0,1433578.0,184515.0,41148.0,2267722.0,30122.0,2502997.0,2016-01-10
2016/1/12,182,2016/1/11,2016,1,11,1,0,0,2016/1/12,2016/1/10,2015/12/11,0,0,20584426.0,5283688.0,51976.0,1086469.0,511101.0,9442315.0,4296049.0,998154.0,16553854.0,8142915.0,2261083.0,579273.0,186799.0,6211944.0,71297.0,2822606.0,2016-01-11
2016/1/13,161,2016/1/12,2016,1,12,2,0,0,2016/1/13,2016/1/11,2015/12/12,0,0,20822199.0,4441204.0,37596.0,1098062.0,482722.0,9384347.0,4092446.0,1054214.0,15713533.0,7891830.0,2460737.0,590554.0,178074.0,5931603.0,70486.0,2729536.0,2016-01-12
2016/1/14,157,2016/1/13,2016,1,13,3,0,0,2016/1/14,2016/1/12,2015/12/13,0,0,19959807.0,4051733.0,40440.0,1093338.0,466740.0,8627734.0,4014079.0,838367.0,15058741.0,7563460.0,2354403.0,484708.0,153763.0,5786299.0,65028.0,2558224.0,2016-01-13
2016/1/15,159,2016/1/14,2016,1,14,4,0,0,2016/1/15,2016/1/13,2015/12/14,0,0,19314804.0,3993725.0,35325.0,1084849.0,476999.0,8295073.0,3952481.0,938423.0,15152544.0,7619336.0,1996801.0,549492.0,159546.0,5876668.0,64931.0,2609030.0,2016-01-14
2016/1/16,179,2016/1/15,2016,1,15,5,0,0,2016/1/16,2016/1/14,2015/12/15,0,0,21512780.0,4290218.0,55237.0,1159775.0,490315.0,9590213.0,4176360.0,856068.0,16597526.0,8427502.0,1985532.0,485926.0,140165.0,6334261.0,71732.0,2853289.0,2016-01-15
2016/1/17,173,2016/1/16,2016,1,16,6,1,0,2016/1/17,2016/1/15,2015/12/16,0,0,15605778.0,2606335.0,20816.0,594845.0,200506.0,5990357.0,3745263.0,273564.0,9737042.0,6381055.0,1183569.0,193335.0,40903.0,2735762.0,39646.0,2559883.0,2016-01-16
2016/1/18,147,2016/1/17,2016,1,17,7,1,0,2016/1/18,2016/1/16,2015/12/17,0,0,14771885.0,2317954.0,18417.0,560803.0,149211.0,5336962.0,4231245.0,249792.0,8548447.0,6198238.0,1339297.0,168576.0,38465.0,2443930.0,35968.0,2549221.0,2016-01-17
2016/1/19,181,2016/1/18,2016,1,18,1,0,0,2016/1/19,2016/1/17,2015/12/18,0,0,21124578.0,4251724.0,52740.0,1098732.0,460454.0,9150609.0,4289080.0,1142059.0,16336048.0,8277143.0,2252183.0,442134.0,185014.0,6396927.0,80057.0,2668314.0,2016-01-18
2016/1/20,165,2016/1/19,2016,1,19,2,0,0,2016/1/20,2016/1/18,2015/12/19,0,0,20452841.0,4045268.0,38378.0,1060178.0,528218.0,8775059.0,4150947.0,1291591.0,15415840.0,8002627.0,2065951.0,515978.0,181640.0,6111553.0,80682.0,2846149.0,2016-01-19
2016/1/21,171,2016/1/20,2016,1,20,3,0,0,2016/1/21,2016/1/19,2015/12/20,0,0,20937627.0,4179751.0,41800.0,1108758.0,514097.0,9016308.0,4297739.0,902926.0,15746300.0,8105213.0,2037979.0,498941.0,133823.0,6249205.0,81547.0,3162675.0,2016-01-20
2016/1/22,185,2016/1/21,2016,1,21,4,0,0,2016/1/22,2016/1/20,2015/12/21,0,0,19998804.0,4042126.0,37301.0,1125735.0,471405.0,8658084.0,4260152.0,987954.0,15065610.0,7802846.0,2070831.0,531918.0,149384.0,6116770.0,75290.0,3148635.0,2016-01-21
2016/1/23,160,2016/1/22,2016,1,22,5,0,0,2016/1/23,2016/1/21,2015/12/22,0,0,19354326.0,3954274.0,53940.0,1077138.0,433920.0,8407715.0,4018235.0,874906.0,14768605.0,7824064.0,1998235.0,446718.0,129766.0,6228288.0,68081.0,3177553.0,2016-01-22
2016/1/24,150,2016/1/23,2016,1,23,6,1,0,2016/1/24,2016/1/22,2015/12/23,0,0,15451969.0,2650274.0,19676.0,563366.0,223436.0,5982488.0,3634068.0,268501.0,9377718.0,6169311.0,1513219.0,191229.0,37938.0,2810445.0,39885.0,2857807.0,2016-01-23
2016/1/25,148,2016/1/24,2016,1,24,7,1,0,2016/1/25,2016/1/23,2015/12/24,0,0,14660251.0,2311428.0,17587.0,494105.0,150017.0,5263349.0,3464600.0,247627.0,8188296.0,6159860.0,1438568.0,164180.0,34728.0,2485187.0,31650.0,2663253.0,2016-01-24
2016/1/26,206,2016/1/25,2016,1,25,1,0,0,2016/1/26,2016/1/24,2015/12/25,0,0,23723071.0,4280485.0,53307.0,1098006.0,424643.0,9697779.0,3903563.0,1074248.0,16891195.0,8899324.0,2662047.0,475601.0,166808.0,7041361.0,77514.0,3027450.0,2016-01-25
2016/1/27,163,2016/1/26,2016,1,26,2,0,0,2016/1/27,2016/1/25,2015/12/26,0,0,20955087.0,4102311.0,41156.0,1063659.0,459759.0,9137931.0,3840115.0,1163302.0,15934281.0,8468477.0,2220671.0,754203.0,163230.0,6560410.0,73898.0,3221313.0,2016-01-26
2016/1/28,167,2016/1/27,2016,1,27,3,0,0,2016/1/28,2016/1/26,2015/12/27,0,0,20609275.0,4185784.0,44581.0,1126779.0,453659.0,9170967.0,3708296.0,1001368.0,15655501.0,8435489.0,1947071.0,617410.0,143683.0,6527108.0,74405.0,3120521.0,2016-01-27
2016/1/29,167,2016/1/28,2016,1,28,4,0,0,2016/1/29,2016/1/27,2015/12/28,0,0,20224607.0,4173593.0,40748.0,1175402.0,405629.0,9058330.0,3623233.0,1006184.0,15659611.0,8292297.0,1976978.0,501449.0,149687.0,6759260.0,78351.0,3197827.0,2016-01-28
2016/1/30,181,2016/1/29,2016,1,29,5,0,0,2016/1/30,2016/1/28,2015/12/29,0,0,22219006.0,4391831.0,58843.0,1258614.0,375603.0,9789727.0,3618806.0,952214.0,16643490.0,8859060.0,1936706.0,454150.0,153407.0,7667288.0,81786.0,3249740.0,2016-01-29
2016/1/31,146,2016/1/30,2016,1,30,6,1,0,2016/1/31,2016/1/29,2015/12/30,0,0,17642517.0,2961088.0,24930.0,599328.0,211365.0,7139344.0,3216021.0,302357.0,10960722.0,6983217.0,1335440.0,186122.0,44368.0,3136420.0,45763.0,2914584.0,2016-01-30
2016/2/1,192,2016/1/31,2016,1,31,7,1,1,2016/2/1,2016/1/30,2015/12/31,0,0,16062099.0,2613299.0,23131.0,520461.0,152502.0,6338387.0,3047629.0,271156.0,9535675.0,6987359.0,1302389.0,166846.0,41050.0,2816921.0,39197.0,3053474.0,2016-01-31
2016/2/2,225,2016/2/1,2016,2,1,1,0,0,2016/2/2,2016/1/31,2016/1/1,0,0,24677152.0,4534663.0,62695.0,1291218.0,415923.0,10693297.0,4067589.0,1195988.0,18046926.0,9755606.0,2415521.0,521512.0,202012.0,7433234.0,87156.0,4093910.0,2016-02-01
2016/2/3,190,2016/2/2,2016,2,2,2,0,0,2016/2/3,2016/2/1,2016/1/2,0,0,24961550.0,4504117.0,50290.0,1199274.0,442815.0,10619587.0,3912469.0,1198250.0,17878255.0,9621141.0,2451796.0,429086.0,181766.0,6736230.0,83735.0,3405373.0,2016-02-02
2016/2/4,173,2016/2/3,2016,2,3,3,0,0,2016/2/4,2016/2/2,2016/1/3,0,0,26621255.0,4584136.0,54787.0,1135828.0,418657.0,11209824.0,3716532.0,1099406.0,18270972.0,9877876.0,2360856.0,399615.0,175198.0,6622606.0,80350.0,3241250.0,2016-02-03
2016/2/5,186,2016/2/4,2016,2,4,4,0,0,2016/2/5,2016/2/3,2016/1/4,0,0,27124918.0,4787104.0,52776.0,1064067.0,389566.0,11760716.0,3612719.0,1229990.0,19057285.0,10127654.0,2197706.0,708720.0,200382.0,6482995.0,91808.0,3430016.0,2016-02-04
2016/2/6,191,2016/2/5,2016,2,5,5,0,0,2016/2/6,2016/2/4,2016/1/5,0,0,28403926.0,4893336.0,60872.0,970963.0,355588.0,12233932.0,3600270.0,1178099.0,19870588.0,10833515.0,2113483.0,631990.0,206750.0,6074692.0,82609.0,3283109.0,2016-02-05
2016/2/7,159,2016/2/6,2016,2,6,6,1,0,2016/2/7,2016/2/5,2016/1/6,0,0,24348700.0,3851140.0,72220.0,670552.0,204415.0,9701916.0,3040533.0,601163.0,14973724.0,9287778.0,1585125.0,252636.0,97498.0,4138346.0,62672.0,3292863.0,2016-02-06
2016/2/8,215,2016/2/7,2016,2,7,7,1,0,2016/2/8,2016/2/6,2016/1/7,0,0,13510480.0,1989555.0,28502.0,680989.0,82897.0,4893625.0,2398701.0,156531.0,6542527.0,4469243.0,605717.0,157440.0,17221.0,2127725.0,31653.0,9753968.0,2016-02-07
2016/2/9,155,2016/2/8,2016,2,8,1,0,0,2016/2/9,2016/2/7,2016/1/8,0,0,6657054.0,1099457.0,11935.0,613217.0,76612.0,2299785.0,1979266.0,123930.0,3828942.0,2178460.0,434282.0,328424.0,12157.0,1953140.0,27479.0,6462174.0,2016-02-08
2016/2/10,158,2016/2/9,2016,2,9,2,0,0,2016/2/10,2016/2/8,2016/1/9,0,0,6925210.0,1177428.0,15341.0,405654.0,74859.0,2297085.0,2185050.0,135916.0,3682211.0,2542337.0,538229.0,454225.0,12994.0,1979194.0,24086.0,2995524.0,2016-02-09
2016/2/11,118,2016/2/10,2016,2,10,3,0,0,2016/2/11,2016/2/9,2016/1/10,0,0,7663275.0,1294633.0,25652.0,392766.0,82538.0,2551142.0,2532626.0,157682.0,4255921.0,3315922.0,701759.0,384562.0,16872.0,1891113.0,28687.0,2507362.0,2016-02-10
2016/2/12,152,2016/2/11,2016,2,11,4,0,0,2016/2/12,2016/2/10,2016/1/11,0,0,8141041.0,1423613.0,24750.0,397838.0,90995.0,2669956.0,2251224.0,206800.0,4930938.0,3406254.0,715017.0,647087.0,25204.0,1830216.0,28860.0,2388149.0,2016-02-11
2016/2/13,132,2016/2/12,2016,2,12,5,0,0,2016/2/13,2016/2/11,2016/1/12,0,0,9019048.0,1530785.0,21656.0,410956.0,100292.0,2991998.0,2358722.0,245932.0,5372513.0,3613403.0,977877.0,638648.0,32836.0,1915135.0,32339.0,2516130.0,2016-02-12
2016/2/14,124,2016/2/13,2016,2,13,6,1,0,2016/2/14,2016/2/12,2016/1/13,0,0,9504749.0,1552733.0,17173.0,411078.0,109953.0,3274844.0,2645521.0,266833.0,5715302.0,3720298.0,1037342.0,243860.0,38212.0,1948483.0,32321.0,2476512.0,2016-02-13
2016/2/15,148,2016/2/14,2016,2,14,7,1,0,2016/2/15,2016/2/13,2016/1/14,0,0,15357292.0,2617670.0,42540.0,689835.0,223257.0,5650863.0,3294911.0,870771.0,10612779.0,5706459.0,1489887.0,294601.0,138432.0,4043946.0,58035.0,3973305.0,2016-02-14
2016/2/16,150,2016/2/15,2016,2,15,1,0,0,2016/2/16,2016/2/14,2016/1/15,0,0,18203218.0,3487949.0,36291.0,750466.0,416914.0,7129441.0,3828826.0,1457687.0,14349938.0,6340966.0,1754718.0,1259470.0,231274.0,4620037.0,74201.0,2718410.0,2016-02-15
2016/2/17,153,2016/2/16,2016,2,16,2,0,0,2016/2/17,2016/2/15,2016/1/16,0,0,18191282.0,3468225.0,33490.0,818428.0,481501.0,7211731.0,3842214.0,1431991.0,14113418.0,6437746.0,1825617.0,852283.0,209556.0,4732295.0,79721.0,2590819.0,2016-02-16
2016/2/18,151,2016/2/17,2016,2,17,3,0,0,2016/2/18,2016/2/16,2016/1/17,0,0,18075013.0,3350522.0,38208.0,826430.0,520825.0,7117708.0,3735607.0,1211127.0,13775607.0,6318522.0,2043522.0,641597.0,178401.0,4871214.0,76015.0,2589427.0,2016-02-17
2016/2/19,152,2016/2/18,2016,2,18,4,0,0,2016/2/19,2016/2/17,2016/1/18,0,0,18485601.0,3523925.0,35541.0,901054.0,492020.0,7712306.0,3726570.0,1194931.0,14019584.0,6388031.0,2191953.0,509563.0,183681.0,4887665.0,75250.0,2640073.0,2016-02-18
2016/2/20,154,2016/2/19,2016,2,19,5,0,0,2016/2/20,2016/2/18,2016/1/19,0,0,18014302.0,3640072.0,50574.0,917012.0,415828.0,7599168.0,3799506.0,1008224.0,14204457.0,6615835.0,2039666.0,631393.0,147197.0,5235629.0,78324.0,2692540.0,2016-02-19
2016/2/21,150,2016/2/20,2016,2,20,6,1,0,2016/2/21,2016/2/19,2016/1/20,0,0,14173094.0,2404207.0,18333.0,517334.0,229836.0,5569163.0,3453847.0,323963.0,9234137.0,5273257.0,1348358.0,214245.0,46756.0,2598215.0,49931.0,2475340.0,2016-02-20
2016/2/22,147,2016/2/21,2016,2,21,7,1,0,2016/2/22,2016/2/20,2016/1/21,0,0,16232593.0,2967487.0,33671.0,725929.0,345246.0,6565170.0,3622391.0,718060.0,11829556.0,6148295.0,1731778.0,454108.0,109128.0,4080826.0,66357.0,2981489.0,2016-02-21
2016/2/23,166,2016/2/22,2016,2,22,1,0,0,2016/2/23,2016/2/21,2016/1/22,0,0,18292092.0,3530767.0,49008.0,934524.0,460655.0,7561176.0,3790935.0,1112156.0,14424975.0,7023333.0,2115197.0,693970.0,171500.0,5563437.0,82782.0,3487637.0,2016-02-22
2016/2/24,165,2016/2/23,2016,2,23,2,0,0,2016/2/24,2016/2/22,2016/1/23,0,0,20318691.0,3710366.0,34893.0,958933.0,518507.0,8343559.0,3680137.0,1181614.0,15209385.0,7061169.0,2460587.0,649528.0,176635.0,5772299.0,80617.0,2703291.0,2016-02-23
2016/2/25,164,2016/2/24,2016,2,24,3,0,0,2016/2/25,2016/2/23,2016/1/24,0,0,20779856.0,4353641.0,39275.0,1034195.0,452893.0,8404760.0,3607385.0,1030026.0,16805415.0,7240802.0,2447665.0,587224.0,146940.0,5941044.0,79618.0,2707615.0,2016-02-24
2016/2/26,176,2016/2/25,2016,2,25,4,0,0,2016/2/26,2016/2/24,2016/1/25,0,0,22119535.0,4181293.0,35689.0,1038197.0,489814.0,9430909.0,3733637.0,1054200.0,16576832.0,7692840.0,2632614.0,732814.0,171808.0,6122087.0,85990.0,2877910.0,2016-02-25
2016/2/27,157,2016/2/26,2016,2,26,5,0,0,2016/2/27,2016/2/25,2016/1/26,0,0,20189887.0,4099137.0,52453.0,1050005.0,399854.0,8951283.0,3802494.0,955103.0,16117893.0,7635310.0,2196838.0,636586.0,144736.0,6159915.0,86185.0,2948624.0,2016-02-26
2016/2/28,138,2016/2/27,2016,2,27,6,1,0,2016/2/28,2016/2/26,2016/1/27,0,0,14824369.0,2616319.0,18823.0,554627.0,183464.0,6130790.0,3509610.0,306850.0,10029762.0,5834826.0,1346006.0,216915.0,44577.0,2678642.0,48761.0,2708893.0,2016-02-27
2016/2/29,154,2016/2/28,2016,2,28,7,1,0,2016/2/29,2016/2/27,2016/1/28,0,0,14263464.0,2377650.0,16831.0,486695.0,152630.0,5590758.0,3706874.0,286627.0,9047944.0,5758633.0,1269322.0,176111.0,43058.0,2449072.0,43958.0,2715450.0,2016-02-28
2016/3/1,225,2016/2/29,2016,2,29,1,0,1,2016/3/1,2016/2/28,2016/1/29,0,0,21260707.0,4508550.0,49789.0,1110938.0,499933.0,9960846.0,4252590.0,1144571.0,17343387.0,8373769.0,2070112.0,773244.0,176387.0,7343608.0,98394.0,3063411.0,2016-02-29
2016/3/2,169,2016/3/1,2016,3,1,2,0,0,2016/3/2,2016/2/29,2016/2/1,0,0,22105157.0,4399346.0,36206.0,1138564.0,524042.0,9951022.0,5067240.0,1220951.0,17497565.0,7866950.0,2514989.0,796647.0,193860.0,6178559.0,82399.0,3378488.0,2016-03-01
2016/3/3,162,2016/3/2,2016,3,2,3,0,0,2016/3/3,2016/3/1,2016/2/2,0,0,20772858.0,4203456.0,39678.0,1081462.0,502373.0,9212410.0,4708863.0,1012376.0,16299311.0,7650551.0,2500936.0,648924.0,162099.0,5475638.0,83332.0,3153391.0,2016-03-02
2016/3/4,155,2016/3/3,2016,3,3,4,0,0,2016/3/4,2016/3/2,2016/2/3,0,0,20547062.0,4078518.0,33744.0,995791.0,493630.0,9258701.0,4372280.0,1027356.0,15746612.0,7538421.0,2441552.0,553902.0,164775.0,5461989.0,82981.0,3036764.0,2016-03-03
2016/3/5,158,2016/3/4,2016,3,4,5,0,0,2016/3/5,2016/3/3,2016/2/4,0,0,19519383.0,4129642.0,49905.0,956468.0,407616.0,8590640.0,4239297.0,887515.0,15567374.0,7571859.0,2236120.0,994050.0,141060.0,5456702.0,79289.0,2988472.0,2016-03-04
2016/3/6,157,2016/3/5,2016,3,5,6,1,0,2016/3/6,2016/3/4,2016/2/5,0,0,15557352.0,2631402.0,17650.0,483747.0,196297.0,6466455.0,3796133.0,292496.0,9766799.0,6143357.0,1634705.0,238243.0,41032.0,2646336.0,42031.0,2710391.0,2016-03-05
2016/3/7,145,2016/3/6,2016,3,6,7,1,0,2016/3/7,2016/3/5,2016/2/6,0,0,14481849.0,2324915.0,15927.0,441559.0,151344.0,5622962.0,4122315.0,265178.0,8759640.0,5907934.0,1463302.0,188861.0,38485.0,2434374.0,35494.0,2619263.0,2016-03-06
2016/3/8,177,2016/3/7,2016,3,7,1,0,0,2016/3/8,2016/3/6,2016/2/7,0,0,19659941.0,4210997.0,47334.0,967059.0,397129.0,8887655.0,4289044.0,1068911.0,16057974.0,7765826.0,2130248.0,983912.0,178040.0,5784127.0,84507.0,2909010.0,2016-03-07
2016/3/9,161,2016/3/8,2016,3,8,2,0,0,2016/3/9,2016/3/7,2016/2/8,0,0,19173171.0,4131916.0,33505.0,979397.0,448225.0,9054143.0,4509364.0,1044261.0,15300156.0,7802903.0,2079555.0,915718.0,170207.0,5444057.0,80987.0,5918157.0,2016-03-08
2016/3/10,148,2016/3/9,2016,3,9,3,0,0,2016/3/10,2016/3/8,2016/2/9,0,0,19388338.0,4111307.0,35336.0,902959.0,413917.0,8924567.0,4287123.0,966818.0,15599401.0,7227760.0,2158634.0,869327.0,160583.0,5587943.0,84245.0,2684501.0,2016-03-09
2016/3/11,155,2016/3/10,2016,3,10,4,0,0,2016/3/11,2016/3/9,2016/2/10,0,0,21463871.0,4216442.0,30817.0,945659.0,359004.0,9461654.0,4770377.0,976629.0,16254904.0,7530508.0,2229655.0,650105.0,174875.0,5725554.0,83080.0,2784667.0,2016-03-10
2016/3/12,167,2016/3/11,2016,3,11,5,0,0,2016/3/12,2016/3/10,2016/2/11,0,0,19253747.0,4191979.0,47087.0,1016189.0,338019.0,8725374.0,4099680.0,873643.0,15660589.0,7541627.0,2114726.0,953741.0,141500.0,5592526.0,71141.0,2749780.0,2016-03-11
2016/3/13,145,2016/3/12,2016,3,12,6,1,0,2016/3/13,2016/3/11,2016/2/12,0,0,14630034.0,2616360.0,16303.0,507151.0,169676.0,5821914.0,3672818.0,282800.0,9402044.0,5794913.0,1670732.0,204317.0,40597.0,2611973.0,35908.0,2561191.0,2016-03-12
2016/3/14,134,2016/3/13,2016,3,13,7,1,0,2016/3/14,2016/3/12,2016/2/13,0,0,13692246.0,2370138.0,13667.0,512080.0,144132.0,5257573.0,3621600.0,271106.0,8577615.0,5644481.0,1543957.0,173404.0,39743.0,2431762.0,31379.0,2559865.0,2016-03-13
2016/3/15,177,2016/3/14,2016,3,14,1,0,0,2016/3/15,2016/3/13,2016/2/14,0,0,20004364.0,4284216.0,43634.0,1007450.0,379098.0,8977306.0,3859822.0,1065005.0,16268632.0,7701828.0,2127624.0,715482.0,187785.0,6085632.0,72034.0,2752328.0,2016-03-14
2016/3/16,163,2016/3/15,2016,3,15,2,0,0,2016/3/16,2016/3/14,2016/2/15,0,0,21182680.0,4679872.0,30824.0,991959.0,410291.0,10083824.0,4242875.0,1090151.0,17572733.0,8081815.0,2074325.0,840040.0,175082.0,6109053.0,79846.0,2773347.0,2016-03-15
2016/3/17,155,2016/3/16,2016,3,16,3,0,0,2016/3/17,2016/3/15,2016/2/16,0,0,19929213.0,4211499.0,32621.0,974717.0,386233.0,9078151.0,4131599.0,918266.0,16311099.0,7748045.0,2008305.0,555663.0,153552.0,5367592.0,77297.0,2772984.0,2016-03-16
2016/3/18,156,2016/3/17,2016,3,17,4,0,0,2016/3/18,2016/3/16,2016/2/17,0,0,19449763.0,4320435.0,29046.0,1048159.0,390307.0,9003869.0,3993099.0,956434.0,15763493.0,7488520.0,2202388.0,957305.0,165265.0,5064734.0,83990.0,2731824.0,2016-03-17
2016/3/19,158,2016/3/18,2016,3,18,5,0,0,2016/3/19,2016/3/17,2016/2/18,0,0,19305853.0,4278373.0,42785.0,1028360.0,507000.0,8857126.0,3944545.0,891828.0,16003591.0,7910503.0,2128806.0,1016643.0,148480.0,5396966.0,87597.0,2970814.0,2016-03-18
2016/3/20,139,2016/3/19,2016,3,19,6,1,0,2016/3/20,2016/3/18,2016/2/19,0,0,14397065.0,2636798.0,14438.0,507464.0,275480.0,5952102.0,3662925.0,297123.0,9761008.0,5972380.0,1305198.0,208206.0,43305.0,2423650.0,42343.0,2604145.0,2016-03-19
2016/3/21,170,2016/3/20,2016,3,20,7,1,0,2016/3/21,2016/3/19,2016/2/20,0,0,14309700.0,2493939.0,11857.0,425642.0,173866.0,5642678.0,3702463.0,257781.0,9211733.0,6031498.0,1250454.0,177461.0,37206.0,2251065.0,36991.0,2629375.0,2016-03-20
2016/3/22,196,2016/3/21,2016,3,21,1,0,0,2016/3/22,2016/3/20,2016/2/21,0,0,20775304.0,4553304.0,38835.0,1049474.0,527074.0,9754063.0,4186973.0,1029188.0,18166482.0,8145032.0,2170656.0,792828.0,177712.0,6222664.0,85723.0,2848707.0,2016-03-21
2016/3/23,154,2016/3/22,2016,3,22,2,0,0,2016/3/23,2016/3/21,2016/2/22,0,0,20347627.0,4520172.0,27001.0,1024690.0,576899.0,9616871.0,4003884.0,1039856.0,16939514.0,7614157.0,2120437.0,857383.0,157951.0,5764329.0,87424.0,2837169.0,2016-03-22
2016/3/24,157,2016/3/23,2016,3,23,3,0,0,2016/3/24,2016/3/22,2016/2/23,0,0,20406832.0,4400471.0,27077.0,1037249.0,480519.0,9508258.0,4017895.0,892839.0,16624848.0,7543721.0,2384417.0,886502.0,144155.0,4580782.0,78816.0,2768338.0,2016-03-23
2016/3/25,164,2016/3/24,2016,3,24,4,0,0,2016/3/25,2016/3/23,2016/2/24,0,0,21035681.0,4378607.0,23257.0,1052924.0,482566.0,9437807.0,3911495.0,892588.0,16543081.0,7614045.0,2376507.0,780171.0,144052.0,4578361.0,75373.0,2858403.0,2016-03-24
2016/3/26,181,2016/3/25,2016,3,25,5,0,0,2016/3/26,2016/3/24,2016/2/25,0,0,22005716.0,4488987.0,34506.0,1106719.0,392392.0,9590550.0,4124768.0,886035.0,16957586.0,8294329.0,2594398.0,408898.0,141383.0,4918416.0,78611.0,2917254.0,2016-03-25
2016/3/27,137,2016/3/26,2016,3,26,6,1,0,2016/3/27,2016/3/25,2016/2/26,0,0,15451822.0,2744684.0,11440.0,517574.0,211042.0,6503141.0,3626778.0,291989.0,9942066.0,5965267.0,1619182.0,185169.0,40725.0,1820225.0,30309.0,2613845.0,2016-03-26
2016/3/28,139,2016/3/27,2016,3,27,7,1,0,2016/3/28,2016/3/26,2016/2/27,0,0,14255302.0,2571264.0,9186.0,472221.0,150541.0,5896469.0,3665836.0,268534.0,9046635.0,5906800.0,1325494.0,169911.0,38815.0,1573867.0,25177.0,2510538.0,2016-03-27
2016/3/29,193,2016/3/28,2016,3,28,1,0,0,2016/3/29,2016/3/27,2016/2/28,0,0,20174058.0,4548155.0,33639.0,1092417.0,397797.0,9517943.0,4162050.0,1140031.0,17627464.0,8046770.0,2111738.0,662194.0,175468.0,5239837.0,61563.0,2740057.0,2016-03-28
2016/3/30,166,2016/3/29,2016,3,29,2,0,0,2016/3/30,2016/3/28,2016/2/29,0,0,19355779.0,4448474.0,23367.0,1128152.0,387913.0,9260746.0,3965205.0,1479588.0,16973707.0,7637093.0,2011641.0,552374.0,189544.0,5034561.0,65746.0,2707116.0,2016-03-29
2016/3/31,170,2016/3/30,2016,3,30,3,0,0,2016/3/31,2016/3/29,2016/2/29,0,0,19341510.0,4455173.0,23930.0,1118460.0,398258.0,9199268.0,3905048.0,1494809.0,16761220.0,7532870.0,2005326.0,698193.0,185987.0,5024656.0,58103.0,2744198.0,2016-03-30
2016/4/1,212,2016/3/31,2016,3,31,4,0,1,2016/4/1,2016/3/30,2016/2/29,0,0,20656465.0,4569399.0,21595.0,1165113.0,471904.0,10037144.0,4053225.0,1702105.0,17620195.0,7858235.0,2078468.0,585440.0,252636.0,5464837.0,57350.0,2855741.0,2016-03-31
2016/4/2,174,2016/4/1,2016,4,1,5,0,0,2016/4/2,2016/3/31,2016/3/1,1,0,22262221.0,4402171.0,31784.0,1204498.0,432904.0,10359364.0,4941668.0,1424275.0,17097117.0,8277865.0,2504089.0,513644.0,214891.0,5243497.0,60249.0,4017526.0,2016-04-01
2016/4/3,147,2016/4/2,2016,4,2,6,1,0,2016/4/3,2016/4/1,2016/3/2,0,0,14996535.0,2555174.0,12035.0,549600.0,212225.0,5976480.0,4305887.0,290279.0,9656919.0,5964549.0,1605466.0,197722.0,45602.0,1813509.0,25534.0,3065573.0,2016-04-02
2016/4/4,144,2016/4/3,2016,4,3,7,1,0,2016/4/4,2016/4/2,2016/3/3,0,0,13247936.0,2133180.0,9621.0,492118.0,151161.0,5108451.0,3801554.0,239751.0,7830084.0,5676391.0,1443547.0,164826.0,36188.0,1524391.0,21167.0,2829181.0,2016-04-03
2016/4/5,148,2016/4/4,2016,4,4,1,0,0,2016/4/5,2016/4/3,2016/3/4,0,0,13638875.0,2073517.0,8859.0,450273.0,147718.0,5401951.0,3732835.0,282397.0,7774982.0,5627727.0,1396290.0,368964.0,45307.0,1515028.0,22876.0,2543559.0,2016-04-04
2016/4/6,201,2016/4/5,2016,4,5,2,0,0,2016/4/6,2016/4/4,2016/3/5,0,0,22392490.0,4258549.0,30253.0,1116624.0,480940.0,9913904.0,4491719.0,1548496.0,17070487.0,8114445.0,2674865.0,828468.0,239451.0,4845120.0,58454.0,2895826.0,2016-04-05
2016/4/7,155,2016/4/6,2016,4,6,3,0,0,2016/4/7,2016/4/5,2016/3/6,0,0,19985547.0,3987253.0,18564.0,1078183.0,555462.0,9191753.0,4304358.0,1326498.0,15675999.0,7679271.0,2400243.0,531417.0,193437.0,4406304.0,54007.0,2830308.0,2016-04-06
2016/4/8,155,2016/4/7,2016,4,7,4,0,0,2016/4/8,2016/4/6,2016/3/7,0,0,19334834.0,3920610.0,17138.0,1057155.0,490700.0,8928627.0,4136354.0,1324923.0,15353566.0,7355621.0,2162806.0,593051.0,195192.0,4352326.0,53211.0,2779271.0,2016-04-07
2016/4/9,156,2016/4/8,2016,4,8,5,0,0,2016/4/9,2016/4/7,2016/3/8,0,0,20119527.0,3979917.0,27169.0,1034074.0,408851.0,9437741.0,4204319.0,1201611.0,15650902.0,7794896.0,2262207.0,551522.0,179967.0,4505728.0,54553.0,2829158.0,2016-04-08
2016/4/10,140,2016/4/9,2016,4,9,6,1,0,2016/4/10,2016/4/8,2016/3/9,0,0,15051424.0,2495179.0,7996.0,501483.0,205970.0,6317378.0,4352076.0,298320.0,9472097.0,5869438.0,1483629.0,193226.0,44443.0,1805839.0,23300.0,2663474.0,2016-04-09
2016/4/11,146,2016/4/10,2016,4,10,7,1,0,2016/4/11,2016/4/9,2016/3/10,0,0,15164931.0,2401708.0,6518.0,460712.0,165092.0,5936732.0,4866588.0,306292.0,9313772.0,6057541.0,1574555.0,169172.0,46175.0,1673085.0,21995.0,2616496.0,2016-04-10
2016/4/12,190,2016/4/11,2016,4,11,1,0,0,2016/4/12,2016/4/10,2016/3/11,0,0,21244782.0,4219276.0,25599.0,1018547.0,441043.0,9794675.0,4573670.0,1459800.0,17138852.0,7979188.0,2322664.0,900206.0,234691.0,4658743.0,58454.0,2824272.0,2016-04-11
2016/4/13,153,2016/4/12,2016,4,12,2,0,0,2016/4/13,2016/4/11,2016/3/12,0,0,20137245.0,4090350.0,18447.0,999001.0,479640.0,9195709.0,4338761.0,1281719.0,15913517.0,7498293.0,2401928.0,901812.0,196202.0,4534074.0,54307.0,2829416.0,2016-04-12
2016/4/14,151,2016/4/13,2016,4,13,3,0,0,2016/4/14,2016/4/12,2016/3/13,0,0,19274079.0,3930157.0,18634.0,1019373.0,470174.0,8593205.0,4112427.0,1078625.0,15261881.0,7369979.0,2292955.0,749295.0,163751.0,4387510.0,51547.0,2758427.0,2016-04-13
2016/4/15,155,2016/4/14,2016,4,14,4,0,0,2016/4/15,2016/4/13,2016/3/14,0,0,18716231.0,3901065.0,15595.0,1045668.0,475149.0,8493840.0,4007509.0,1157197.0,15176157.0,7333080.0,2071353.0,840634.0,165834.0,4456910.0,51187.0,2786062.0,2016-04-14
2016/4/16,166,2016/4/15,2016,4,15,5,0,0,2016/4/16,2016/4/14,2016/3/15,0,0,21276629.0,4269433.0,24891.0,1110644.0,448950.0,9857715.0,4452621.0,924115.0,17338307.0,8395039.0,2036968.0,679259.0,148404.0,4709058.0,55647.0,3091292.0,2016-04-15
2016/4/17,148,2016/4/16,2016,4,16,6,1,0,2016/4/17,2016/4/15,2016/3/16,0,0,15207880.0,2528726.0,7482.0,534171.0,227043.0,6395470.0,3981427.0,288897.0,9864947.0,6134736.0,1314782.0,208880.0,41810.0,1807226.0,24938.0,2898599.0,2016-04-16
2016/4/18,147,2016/4/17,2016,4,17,7,1,0,2016/4/18,2016/4/16,2016/3/17,0,0,14237991.0,3309867.0,6460.0,423027.0,176227.0,4819351.0,3842092.0,276789.0,8003830.0,6067278.0,1394985.0,175555.0,46515.0,1494650.0,19719.0,2808551.0,2016-04-17
2016/4/19,165,2016/4/18,2016,4,18,1,0,0,2016/4/19,2016/4/17,2016/3/18,0,0,20412466.0,5723909.0,23072.0,1098655.0,418941.0,8174200.0,4283386.0,1145896.0,15586303.0,8096508.0,2274570.0,639878.0,201633.0,4520237.0,58866.0,2928353.0,2016-04-18
2016/4/20,181,2016/4/19,2016,4,19,2,0,0,2016/4/20,2016/4/18,2016/3/19,0,0,19372356.0,5647036.0,16809.0,1063962.0,409385.0,8012728.0,4273135.0,1074968.0,14497465.0,7740943.0,2073644.0,1084597.0,183636.0,4383570.0,60847.0,2983031.0,2016-04-19
2016/4/21,146,2016/4/20,2016,4,20,3,0,0,2016/4/21,2016/4/19,2016/3/20,0,0,19886592.0,6098858.0,16731.0,1083329.0,462321.0,8545198.0,4311937.0,943477.0,15422382.0,7959928.0,2129926.0,1191329.0,160241.0,4458951.0,61454.0,3064069.0,2016-04-20
2016/4/22,149,2016/4/21,2016,4,21,4,0,0,2016/4/22,2016/4/20,2016/3/21,0,0,19026431.0,6253286.0,14644.0,1105242.0,383370.0,7899930.0,4223558.0,961838.0,13600207.0,7863367.0,2094691.0,1417318.0,170425.0,4287410.0,56240.0,3041257.0,2016-04-21
2016/4/23,158,2016/4/22,2016,4,22,5,0,0,2016/4/23,2016/4/21,2016/3/22,0,0,18494617.0,5878120.0,22445.0,1149566.0,343185.0,7427451.0,4187623.0,833036.0,13052751.0,7799758.0,2085758.0,841554.0,145942.0,4368815.0,55474.0,3068954.0,2016-04-22
2016/4/24,142,2016/4/23,2016,4,23,6,1,0,2016/4/24,2016/4/22,2016/3/23,0,0,14415537.0,3954756.0,6470.0,549622.0,177109.0,5347063.0,3805640.0,283064.0,7918990.0,6070138.0,1539721.0,216351.0,45119.0,1784437.0,24134.0,2916937.0,2016-04-23
2016/4/25,142,2016/4/24,2016,4,24,7,1,0,2016/4/25,2016/4/23,2016/3/24,1,0,14665741.0,3612317.0,4583.0,481408.0,141685.0,4845004.0,3745917.0,261149.0,7281155.0,6094538.0,1563033.0,172942.0,43036.0,1625339.0,22345.0,2801953.0,2016-04-24
2016/4/26,182,2016/4/25,2016,4,25,1,0,0,2016/4/26,2016/4/24,2016/3/25,0,0,22740241.0,6617950.0,21195.0,1189773.0,374039.0,9028006.0,4447488.0,1097700.0,15516852.0,8599299.0,2869325.0,786012.0,203829.0,5093794.0,61070.0,3008476.0,2016-04-25
2016/4/27,150,2016/4/26,2016,4,26,2,0,0,2016/4/27,2016/4/25,2016/3/26,0,0,19513585.0,6164220.0,14780.0,1183952.0,357003.0,8156315.0,4289042.0,988119.0,14179235.0,8002380.0,2431993.0,638395.0,173800.0,4771103.0,61590.0,3090536.0,2016-04-26
2016/4/28,183,2016/4/27,2016,4,27,3,0,0,2016/4/28,2016/4/26,2016/3/27,0,0,18502537.0,6140881.0,14668.0,1169860.0,352717.0,7904783.0,4148768.0,919064.0,13820885.0,7869423.0,2042832.0,900892.0,158924.0,4598023.0,54867.0,2983067.0,2016-04-27
2016/4/29,147,2016/4/28,2016,4,28,4,0,0,2016/4/29,2016/4/27,2016/3/28,0,0,18862541.0,6246973.0,11711.0,1225636.0,359597.0,8069782.0,4207752.0,1022388.0,13878027.0,8032452.0,2068792.0,884465.0,182302.0,4835986.0,58675.0,3042295.0,2016-04-28
2016/4/30,153,2016/4/29,2016,4,29,5,0,0,2016/4/30,2016/4/28,2016/3/29,0,0,20267029.0,6749406.0,19421.0,1315082.0,332575.0,8857884.0,4375611.0,964557.0,14955727.0,8771504.0,2096800.0,1293106.0,165819.0,5311499.0,59933.0,3404288.0,2016-04-29
2016/5/1,195,2016/4/30,2016,4,30,6,1,1,2016/5/1,2016/4/29,2016/3/31,0,0,14919044.0,4190013.0,6085.0,582877.0,154257.0,5602890.0,3920009.0,271897.0,8269633.0,6976214.0,1282965.0,215031.0,43731.0,1928497.0,29304.0,3179882.0,2016-04-30
2016/5/2,165,2016/5/1,2016,5,1,7,1,0,2016/5/2,2016/4/30,2016/4/1,1,0,13398651.0,3334710.0,4172.0,528658.0,120937.0,4249087.0,4469368.0,215312.0,6184923.0,6592275.0,1361734.0,172779.0,33664.0,1756193.0,21669.0,3650015.0,2016-05-01
2016/5/3,156,2016/5/2,2016,5,2,1,0,0,2016/5/3,2016/5/1,2016/4/2,0,0,13752108.0,3647169.0,5722.0,487359.0,141321.0,4613282.0,4648059.0,301005.0,7263932.0,6149814.0,1506257.0,430878.0,52853.0,1670965.0,24708.0,3347754.0,2016-05-02
2016/5/4,156,2016/5/3,2016,5,3,2,0,0,2016/5/4,2016/5/2,2016/4/3,0,0,20330654.0,6371516.0,16129.0,1223240.0,421027.0,8176609.0,5031478.0,1231391.0,14521050.0,8213042.0,2644655.0,889418.0,224801.0,5038974.0,60621.0,3463030.0,2016-05-03
2016/5/5,155,2016/5/4,2016,5,4,3,0,0,2016/5/5,2016/5/3,2016/4/4,0,0,19577677.0,5994570.0,10445.0,1127647.0,468502.0,7863244.0,4715379.0,1070305.0,13769484.0,7962059.0,2381907.0,779868.0,201004.0,4265499.0,60192.0,3192317.0,2016-05-04
2016/5/6,169,2016/5/5,2016,5,5,4,0,0,2016/5/6,2016/5/4,2016/4/5,0,0,19419744.0,6059982.0,8722.0,1094463.0,406074.0,8193317.0,4583222.0,1045824.0,13637592.0,7804196.0,2498480.0,632011.0,199798.0,4265203.0,61588.0,3090976.0,2016-05-05
2016/5/7,150,2016/5/6,2016,5,6,5,0,0,2016/5/7,2016/5/5,2016/4/6,0,0,18311245.0,5856577.0,13405.0,1093124.0,383776.0,7626959.0,4563438.0,842368.0,13354385.0,7908182.0,2306736.0,639738.0,163998.0,4124115.0,57984.0,3117958.0,2016-05-06
2016/5/8,180,2016/5/7,2016,5,7,6,1,0,2016/5/8,2016/5/6,2016/4/7,0,0,13425273.0,3897868.0,2751.0,536379.0,175435.0,5102557.0,4036974.0,298521.0,7910088.0,5976548.0,1390000.0,200527.0,49682.0,1719748.0,25759.0,3016516.0,2016-05-07
2016/5/9,138,2016/5/8,2016,5,8,7,1,0,2016/5/9,2016/5/7,2016/4/8,0,0,13264488.0,3637397.0,1638.0,508481.0,137774.0,4670702.0,3986280.0,272952.0,7135630.0,6157135.0,1423629.0,172087.0,47035.0,1565394.0,23066.0,3601072.0,2016-05-08
2016/5/10,150,2016/5/9,2016,5,9,1,0,0,2016/5/10,2016/5/8,2016/4/9,0,0,19224820.0,6111082.0,12082.0,1054365.0,399006.0,8003331.0,4855016.0,1024080.0,14337963.0,8057140.0,2308747.0,721279.0,213270.0,3835884.0,59554.0,2947007.0,2016-05-09
2016/5/11,155,2016/5/10,2016,5,10,2,0,0,2016/5/11,2016/5/9,2016/4/10,0,0,20644824.0,6449216.0,8877.0,1092484.0,384967.0,8637474.0,5506685.0,979253.0,14845401.0,8128468.0,2367879.0,729441.0,197680.0,3877169.0,62898.0,3098850.0,2016-05-10
2016/5/12,167,2016/5/11,2016,5,11,3,0,0,2016/5/12,2016/5/10,2016/4/11,0,0,18506046.0,5943723.0,9245.0,1071838.0,352833.0,7827903.0,4517265.0,872540.0,13639164.0,7723193.0,2143920.0,764326.0,173272.0,3628670.0,59004.0,3017952.0,2016-05-11
2016/5/13,155,2016/5/12,2016,5,12,4,0,0,2016/5/13,2016/5/11,2016/4/12,0,0,18319117.0,5715499.0,7919.0,1050584.0,372433.0,7726016.0,4383937.0,873524.0,12799233.0,7418390.0,2368187.0,603171.0,172026.0,3671428.0,56813.0,3119750.0,2016-05-12
2016/5/14,150,2016/5/13,2016,5,13,5,0,0,2016/5/14,2016/5/12,2016/4/13,0,0,18770480.0,5971135.0,11573.0,1087791.0,317394.0,7860709.0,4288027.0,784198.0,13170871.0,7919694.0,2308200.0,799678.0,154283.0,3697812.0,56803.0,3138733.0,2016-05-13
2016/5/15,126,2016/5/14,2016,5,14,6,1,0,2016/5/15,2016/5/13,2016/4/14,0,0,13098189.0,3783387.0,2491.0,529888.0,155908.0,5029928.0,3868138.0,289052.0,7790459.0,5830646.0,1290431.0,190053.0,49159.0,1683008.0,25852.0,2975827.0,2016-05-14
2016/5/16,146,2016/5/15,2016,5,15,7,1,0,2016/5/16,2016/5/14,2016/4/15,0,0,14017639.0,3755159.0,1291.0,483140.0,131676.0,5046517.0,3975358.0,293620.0,7610453.0,6275427.0,1224110.0,168227.0,51878.0,1559125.0,24857.0,2960278.0,2016-05-15
2016/5/17,172,2016/5/16,2016,5,16,1,0,0,2016/5/17,2016/5/15,2016/4/16,0,0,20006509.0,6379847.0,10687.0,1062496.0,338980.0,8534167.0,4603353.0,1031391.0,15210838.0,8496249.0,2104839.0,789588.0,220849.0,3987088.0,63676.0,3229677.0,2016-05-16
2016/5/18,157,2016/5/17,2016,5,17,2,0,0,2016/5/18,2016/5/16,2016/4/17,0,0,19120150.0,6022425.0,7857.0,1086699.0,356064.0,8184007.0,4617794.0,984964.0,13883335.0,7870944.0,2309270.0,606262.0,205141.0,3754329.0,58091.0,3147510.0,2016-05-17
2016/5/19,151,2016/5/18,2016,5,18,3,0,0,2016/5/19,2016/5/17,2016/4/18,0,0,18288414.0,5787800.0,6674.0,1038640.0,345174.0,7644821.0,4366130.0,860053.0,13413704.0,7734060.0,2219342.0,639969.0,175437.0,3697364.0,69462.0,3131938.0,2016-05-18
2016/5/20,150,2016/5/19,2016,5,19,4,0,0,2016/5/20,2016/5/18,2016/4/19,0,0,17697193.0,5751606.0,5892.0,1040477.0,311090.0,7735904.0,4262450.0,870393.0,13153822.0,7667259.0,2059673.0,1009323.0,171599.0,3639185.0,62492.0,3279226.0,2016-05-19
2016/5/21,194,2016/5/20,2016,5,20,5,0,0,2016/5/21,2016/5/19,2016/4/20,0,0,18722988.0,6112495.0,8067.0,1203185.0,304750.0,8174509.0,4642778.0,861648.0,13705710.0,8339536.0,2080827.0,583488.0,157230.0,3779630.0,61539.0,6569329.0,2016-05-20
2016/5/22,146,2016/5/21,2016,5,21,6,1,0,2016/5/22,2016/5/20,2016/4/21,0,0,13728622.0,3856580.0,1339.0,554594.0,165856.0,5391979.0,4047130.0,298108.0,7868959.0,6075530.0,1345287.0,186660.0,49623.0,1676478.0,27941.0,3122450.0,2016-05-21
2016/5/23,144,2016/5/22,2016,5,22,7,1,0,2016/5/23,2016/5/21,2016/4/22,0,0,13603041.0,3525523.0,778.0,442584.0,133609.0,4749685.0,3971034.0,269674.0,7057760.0,5963154.0,1276106.0,164519.0,45222.0,1525534.0,25006.0,2936976.0,2016-05-22
2016/5/24,152,2016/5/23,2016,5,23,1,0,0,2016/5/24,2016/5/22,2016/4/23,0,0,20620214.0,6255789.0,7323.0,1056548.0,344557.0,8361090.0,4407049.0,1061141.0,14542477.0,8057283.0,2519534.0,637134.0,204420.0,4055885.0,65990.0,3113766.0,2016-05-23
2016/5/25,153,2016/5/24,2016,5,24,2,0,0,2016/5/25,2016/5/23,2016/4/24,0,0,19903624.0,5945801.0,6035.0,1096476.0,342487.0,8062312.0,4336645.0,987423.0,13805568.0,7979030.0,2401436.0,631327.0,195402.0,3938336.0,60955.0,3106195.0,2016-05-24
2016/5/26,176,2016/5/25,2016,5,25,3,0,0,2016/5/26,2016/5/24,2016/4/25,0,0,20867394.0,6183324.0,5507.0,1235817.0,335592.0,8358839.0,4475064.0,896599.0,14090420.0,8164482.0,2548133.0,621516.0,173237.0,4115186.0,64810.0,3152078.0,2016-05-25
2016/5/27,148,2016/5/26,2016,5,26,4,0,0,2016/5/27,2016/5/25,2016/4/26,0,0,18765207.0,5818523.0,4876.0,1177944.0,314089.0,8147974.0,4366582.0,841042.0,13446863.0,7755668.0,2246082.0,655961.0,163284.0,3832978.0,62080.0,3202044.0,2016-05-26
2016/5/28,146,2016/5/27,2016,5,27,5,0,0,2016/5/28,2016/5/26,2016/4/27,0,0,17712572.0,5782199.0,5639.0,1137671.0,290236.0,7388167.0,4325983.0,792933.0,12996266.0,7839569.0,1918666.0,687478.0,152771.0,3338507.0,67626.0,3316734.0,2016-05-27
2016/5/29,139,2016/5/28,2016,5,28,6,1,0,2016/5/29,2016/5/27,2016/4/28,0,0,13548197.0,3832907.0,586.0,548537.0,152308.0,5154734.0,4005821.0,275870.0,7925645.0,6127361.0,1247521.0,190507.0,47868.0,1706952.0,27477.0,3064954.0,2016-05-28
2016/5/30,139,2016/5/29,2016,5,29,7,1,0,2016/5/30,2016/5/28,2016/4/29,0,0,12983137.0,3521532.0,374.0,493691.0,127410.0,4735715.0,3951978.0,264996.0,7086406.0,6045918.0,1170712.0,163647.0,46682.0,1503966.0,23459.0,2948554.0,2016-05-29
2016/5/31,158,2016/5/30,2016,5,30,1,0,0,2016/5/31,2016/5/29,2016/4/30,0,0,19101188.0,6249654.0,5113.0,1221889.0,305409.0,8211071.0,4406371.0,958965.0,14334697.0,8121141.0,2035771.0,778409.0,188562.0,4359163.0,63047.0,3207306.0,2016-05-30
2016/6/1,206,2016/5/31,2016,5,31,2,0,1,2016/6/1,2016/5/30,2016/4/30,0,0,19111924.0,6300401.0,4614.0,1269138.0,377151.0,8246767.0,4503094.0,970627.0,14374079.0,8159546.0,2004205.0,592140.0,189935.0,4279093.0,67802.0,3360269.0,2016-05-31
2016/6/2,171,2016/6/1,2016,6,1,3,0,0,2016/6/2,2016/5/31,2016/5/1,0,0,20010484.0,6088777.0,4365.0,1276929.0,483385.0,8122577.0,5612727.0,889294.0,13796984.0,8041315.0,2446529.0,540543.0,172800.0,4292827.0,59641.0,5476523.0,2016-06-01
2016/6/3,157,2016/6/2,2016,6,2,4,0,0,2016/6/3,2016/6/1,2016/5/2,0,0,19229447.0,5942639.0,4291.0,1256372.0,446927.0,7807651.0,5261371.0,1113141.0,13522293.0,7932429.0,2511684.0,456276.0,178462.0,3580081.0,61866.0,3678148.0,2016-06-02
2016/6/4,150,2016/6/3,2016,6,3,5,0,0,2016/6/4,2016/6/2,2016/5/3,0,0,19405959.0,5979715.0,4482.0,1239224.0,434006.0,7803755.0,4905943.0,893360.0,13262838.0,8115272.0,2441402.0,443083.0,152328.0,3608767.0,63532.0,3613143.0,2016-06-03
2016/6/5,141,2016/6/4,2016,6,4,6,1,0,2016/6/5,2016/6/3,2016/5/4,0,0,14810428.0,3953476.0,444.0,549905.0,224997.0,5458030.0,4278075.0,290023.0,8201007.0,6221377.0,1580359.0,207902.0,50644.0,1785522.0,29245.0,3257694.0,2016-06-04
2016/6/6,159,2016/6/5,2016,6,5,7,1,0,2016/6/6,2016/6/4,2016/5/5,0,0,14133548.0,3634581.0,172.0,486803.0,158813.0,4870553.0,4140615.0,269260.0,7350936.0,6106769.0,1639456.0,172445.0,46323.0,1673057.0,26597.0,3173698.0,2016-06-05
2016/6/7,159,2016/6/6,2016,6,6,1,0,0,2016/6/7,2016/6/5,2016/5/6,0,0,19471524.0,6050899.0,4570.0,1243275.0,373254.0,8091393.0,4756585.0,1020441.0,14055144.0,8370647.0,2421229.0,628767.0,183800.0,3752801.0,64737.0,3413051.0,2016-06-06
2016/6/8,143,2016/6/7,2016,6,7,2,0,0,2016/6/8,2016/6/6,2016/5/7,0,0,18440497.0,5814538.0,4029.0,1200546.0,391262.0,7800173.0,4440375.0,1038013.0,13452480.0,7999486.0,2044527.0,506204.0,183851.0,3614511.0,65510.0,3375167.0,2016-06-07
2016/6/9,158,2016/6/8,2016,6,8,3,0,0,2016/6/9,2016/6/7,2016/5/8,0,0,20378429.0,6401474.0,4990.0,1224452.0,359508.0,8577786.0,4667266.0,880539.0,14566873.0,8751147.0,2190948.0,829570.0,157124.0,3963733.0,71788.0,3666158.0,2016-06-08
2016/6/10,143,2016/6/9,2016,6,9,4,0,0,2016/6/10,2016/6/8,2016/5/9,0,0,13543680.0,3600975.0,177.0,551492.0,170219.0,4485395.0,4389074.0,269752.0,6859896.0,6126761.0,1294635.0,465896.0,43388.0,1674013.0,31219.0,4258715.0,2016-06-09
2016/6/11,140,2016/6/10,2016,6,10,5,0,0,2016/6/11,2016/6/9,2016/5/10,0,0,14215128.0,3766170.0,626.0,498187.0,151744.0,5121280.0,4646736.0,300037.0,7924602.0,5963476.0,1519090.0,412190.0,54634.0,1699545.0,30897.0,3014656.0,2016-06-10
2016/6/12,166,2016/6/11,2016,6,11,6,1,0,2016/6/12,2016/6/10,2016/5/11,0,0,12982185.0,3508853.0,141.0,465686.0,139804.0,4889203.0,4104241.0,274747.0,7316208.0,5717893.0,1324303.0,199119.0,48503.0,1535237.0,28156.0,2998873.0,2016-06-11
2016/6/13,164,2016/6/12,2016,6,12,7,1,0,2016/6/13,2016/6/11,2016/5/12,0,0,18732157.0,5434859.0,4260.0,1024956.0,257405.0,7432951.0,4548852.0,832538.0,12803057.0,7485167.0,2410589.0,235954.0,160008.0,3543558.0,56905.0,3193121.0,2016-06-12
2016/6/14,151,2016/6/13,2016,6,13,1,0,0,2016/6/14,2016/6/12,2016/5/13,0,0,19231379.0,6125770.0,3993.0,1197758.0,385379.0,8139492.0,4577520.0,1156480.0,14405034.0,7824508.0,2447534.0,1015121.0,213704.0,3618442.0,64806.0,3294900.0,2016-06-13
2016/6/15,148,2016/6/14,2016,6,14,2,0,0,2016/6/15,2016/6/13,2016/5/14,0,0,18368232.0,5818608.0,3725.0,1181444.0,372765.0,7637037.0,4368328.0,1015275.0,13758236.0,7577272.0,2033380.0,645959.0,183654.0,3634343.0,65714.0,3282062.0,2016-06-14
2016/6/16,159,2016/6/15,2016,6,15,3,0,0,2016/6/16,2016/6/14,2016/5/15,0,0,20424165.0,6576093.0,3743.0,1204712.0,361673.0,8506962.0,4731282.0,913195.0,15266825.0,8170299.0,2064145.0,627768.0,163909.0,3760912.0,68165.0,3529432.0,2016-06-15
2016/6/17,161,2016/6/16,2016,6,16,4,0,0,2016/6/17,2016/6/15,2016/5/16,0,0,19759886.0,6250859.0,3904.0,1208837.0,389187.0,8209152.0,4622310.0,909322.0,14338290.0,8011901.0,2065346.0,1224192.0,163842.0,3626282.0,67889.0,3562823.0,2016-06-16
2016/6/18,154,2016/6/17,2016,6,17,5,0,0,2016/6/18,2016/6/16,2016/5/17,0,0,18748564.0,5983016.0,3979.0,1254929.0,354415.0,7582967.0,4424285.0,798044.0,13851433.0,8093143.0,2262258.0,809737.0,145619.0,3646011.0,67693.0,3574721.0,2016-06-17
2016/6/19,146,2016/6/18,2016,6,18,6,1,0,2016/6/19,2016/6/17,2016/5/18,0,0,14332960.0,4050759.0,235.0,623884.0,184341.0,5010919.0,4741954.0,281742.0,8294657.0,6136496.0,1596687.0,213997.0,47038.0,1737768.0,32109.0,3441351.0,2016-06-18
2016/6/20,144,2016/6/19,2016,6,19,7,1,0,2016/6/20,2016/6/18,2016/5/19,0,0,13023642.0,3489240.0,26.0,556474.0,137060.0,4418924.0,4299915.0,254809.0,7132908.0,6015571.0,1307196.0,177647.0,44740.0,1556972.0,27157.0,3737490.0,2016-06-19
2016/6/21,172,2016/6/20,2016,6,20,1,0,0,2016/6/21,2016/6/19,2016/5/20,0,0,19889033.0,6597248.0,3829.0,1239110.0,353210.0,8505490.0,4899148.0,962721.0,15183881.0,8401240.0,2293630.0,720203.0,181077.0,4117265.0,75821.0,3510963.0,2016-06-20
2016/6/22,187,2016/6/21,2016,6,21,2,0,0,2016/6/22,2016/6/20,2016/5/21,0,0,19368621.0,6025261.0,3377.0,1299796.0,388595.0,8023979.0,4747330.0,979020.0,14509417.0,8102516.0,2145472.0,653027.0,175096.0,3837770.0,71430.0,3539174.0,2016-06-21
2016/6/23,160,2016/6/22,2016,6,22,3,0,0,2016/6/23,2016/6/21,2016/5/22,0,0,18259914.0,5768164.0,4029.0,1245513.0,353076.0,7657958.0,4493247.0,852565.0,13423392.0,7739092.0,2114357.0,669400.0,155161.0,3645393.0,64040.0,3465146.0,2016-06-22
2016/6/24,155,2016/6/23,2016,6,23,4,0,0,2016/6/24,2016/6/22,2016/5/23,0,0,18989479.0,5734742.0,5400.0,1234004.0,378077.0,7588562.0,4457675.0,863726.0,13513905.0,7814381.0,2440254.0,650950.0,157687.0,3851212.0,66086.0,3463987.0,2016-06-23
2016/6/25,168,2016/6/24,2016,6,24,5,0,0,2016/6/25,2016/6/23,2016/5/24,0,0,20815282.0,6571580.0,4339.0,1298667.0,370932.0,7734197.0,4446291.0,889707.0,14802730.0,8392797.0,2506821.0,3180689.0,148922.0,3876566.0,72106.0,3624190.0,2016-06-24
2016/6/26,168,2016/6/25,2016,6,25,6,1,0,2016/6/26,2016/6/24,2016/5/25,0,0,16306364.0,4333944.0,181.0,637466.0,189716.0,5614502.0,4208568.0,310006.0,8923343.0,6401036.0,1924549.0,255473.0,48117.0,1911847.0,35225.0,3404187.0,2016-06-25
2016/6/27,144,2016/6/26,2016,6,26,7,1,0,2016/6/27,2016/6/25,2016/5/26,0,0,14147647.0,3635235.0,0.0,563693.0,146644.0,4837477.0,4045527.0,277352.0,7583334.0,6167581.0,1572072.0,201975.0,45887.0,1600848.0,30760.0,3273462.0,2016-06-26
2016/6/28,159,2016/6/27,2016,6,27,1,0,0,2016/6/28,2016/6/26,2016/5/27,0,0,19390415.0,6506832.0,3847.0,1297185.0,402634.0,8067853.0,4574396.0,1097599.0,15115406.0,8561430.0,2259392.0,1083084.0,191088.0,4284935.0,75772.0,3564710.0,2016-06-27
2016/6/29,155,2016/6/28,2016,6,28,2,0,0,2016/6/29,2016/6/27,2016/5/28,0,0,18836445.0,6247678.0,3490.0,1308205.0,493136.0,7918396.0,4702585.0,1058051.0,14668215.0,8136721.0,2116401.0,881642.0,187548.0,3980919.0,76805.0,3636922.0,2016-06-28
2016/6/30,161,2016/6/29,2016,6,29,3,0,0,2016/6/30,2016/6/28,2016/5/29,0,0,19032012.0,6451329.0,3251.0,1351777.0,511299.0,7876876.0,4524319.0,1102020.0,14826970.0,8176931.0,2110220.0,1390305.0,191788.0,4087164.0,78643.0,3528637.0,2016-06-29
2016/7/1,211,2016/6/30,2016,6,30,4,0,1,2016/7/1,2016/6/29,2016/5/30,0,0,20510589.0,6850840.0,3613.0,1455143.0,473908.0,8933810.0,4857253.0,1145599.0,15618882.0,8547797.0,2156585.0,923027.0,201462.0,4335472.0,83385.0,3725032.0,2016-06-30
2016/7/2,175,2016/7/1,2016,7,1,5,0,0,2016/7/2,2016/6/30,2016/6/1,0,0,21588897.0,7129975.0,3522.0,1392414.0,466225.0,8649447.0,5739330.0,1286194.0,15376252.0,8418241.0,2524284.0,1860963.0,253483.0,4169887.0,74022.0,4373401.0,2016-07-01
2016/7/3,161,2016/7/2,2016,7,2,6,1,0,2016/7/3,2016/7/1,2016/6/2,0,0,15544584.0,4299908.0,13.0,613251.0,231070.0,5672195.0,5125175.0,329521.0,9447661.0,6414626.0,1836929.0,301962.0,56809.0,1904753.0,36777.0,3928246.0,2016-07-02
2016/7/4,156,2016/7/3,2016,7,3,7,1,0,2016/7/4,2016/7/2,2016/6/3,0,0,14935518.0,3800464.0,0.0,537996.0,166464.0,5049361.0,4749097.0,296757.0,7802311.0,6291768.0,1626226.0,211354.0,53742.0,1755411.0,33164.0,3703522.0,2016-07-03
2016/7/5,175,2016/7/4,2016,7,4,1,0,0,2016/7/5,2016/7/3,2016/6/4,0,0,20934239.0,6703734.0,3653.0,1336672.0,501355.0,8366411.0,4938239.0,1349089.0,15057104.0,8398452.0,2619933.0,2535940.0,250260.0,3969349.0,67067.0,3820454.0,2016-07-04
2016/7/6,182,2016/7/5,2016,7,5,2,0,0,2016/7/6,2016/7/4,2016/6/5,0,0,20715660.0,6644864.0,3007.0,1255894.0,567713.0,8155898.0,4846917.0,1191337.0,14771305.0,8359462.0,2625189.0,1466244.0,216836.0,3748974.0,71100.0,3762975.0,2016-07-05
2016/7/7,171,2016/7/6,2016,7,6,3,0,0,2016/7/7,2016/7/5,2016/6/6,0,0,18907157.0,6117880.0,3059.0,1191248.0,508066.0,7563315.0,4731010.0,1050851.0,13506023.0,7874052.0,2422412.0,1774777.0,184330.0,3520629.0,65907.0,3645479.0,2016-07-06
2016/7/8,169,2016/7/7,2016,7,7,4,0,0,2016/7/8,2016/7/6,2016/6/7,0,0,18837974.0,6013079.0,2967.0,1149617.0,496921.0,7908640.0,4560585.0,1023167.0,13361196.0,7774319.0,2150881.0,945070.0,195768.0,3494714.0,66443.0,3717806.0,2016-07-07
2016/7/9,170,2016/7/8,2016,7,8,5,0,0,2016/7/9,2016/7/7,2016/6/8,0,0,19280958.0,6211058.0,3151.0,1160852.0,443374.0,7720310.0,4785256.0,898903.0,13733736.0,8233011.0,2220832.0,853034.0,173226.0,3638480.0,66881.0,3716025.0,2016-07-08
2016/7/10,156,2016/7/9,2016,7,9,6,1,0,2016/7/10,2016/7/8,2016/6/9,0,0,14695391.0,4045886.0,0.0,511936.0,235992.0,5384335.0,5022095.0,310115.0,8305655.0,6111634.0,1550924.0,275774.0,54120.0,1945551.0,32549.0,3514589.0,2016-07-09
2016/7/11,162,2016/7/10,2016,7,10,7,1,0,2016/7/11,2016/7/9,2016/6/10,0,0,14942764.0,3858150.0,12.0,466564.0,181466.0,5184551.0,5646937.0,301222.0,7929105.0,6166274.0,1589877.0,211959.0,56633.0,1844016.0,32302.0,3408809.0,2016-07-10
2016/7/12,181,2016/7/11,2016,7,11,1,0,0,2016/7/12,2016/7/10,2016/6/11,0,0,19935245.0,6495964.0,3288.0,1168051.0,451490.0,8272228.0,5325956.0,1111967.0,15065731.0,8372447.0,2305905.0,1585490.0,222917.0,3959139.0,67629.0,3678257.0,2016-07-11
2016/7/13,166,2016/7/12,2016,7,12,2,0,0,2016/7/13,2016/7/11,2016/6/12,0,0,19429269.0,6100093.0,2946.0,1152672.0,503703.0,7944262.0,5010207.0,1086497.0,13954129.0,8017046.0,2428900.0,941910.0,210801.0,3897300.0,66568.0,3627694.0,2016-07-12
2016/7/14,152,2016/7/13,2016,7,13,3,0,0,2016/7/14,2016/7/12,2016/6/13,0,0,18357904.0,5987160.0,2998.0,1175130.0,548582.0,7150057.0,4850180.0,917402.0,13622411.0,7855383.0,2414138.0,1314228.0,176260.0,3797931.0,65961.0,3578634.0,2016-07-13
2016/7/15,156,2016/7/14,2016,7,14,4,0,0,2016/7/15,2016/7/13,2016/6/14,0,0,18346985.0,5972251.0,3199.0,1203240.0,495206.0,7647599.0,4675571.0,923532.0,13466593.0,7693552.0,2123875.0,1066849.0,183129.0,3826088.0,66665.0,3603779.0,2016-07-14
2016/7/16,161,2016/7/15,2016,7,15,5,0,0,2016/7/16,2016/7/14,2016/6/15,0,0,20662423.0,6635578.0,3244.0,1292459.0,438560.0,8841948.0,4992362.0,831635.0,15035770.0,8738469.0,2045627.0,792527.0,162952.0,3808128.0,74687.0,3891459.0,2016-07-15
2016/7/17,152,2016/7/16,2016,7,16,6,1,0,2016/7/17,2016/7/15,2016/6/16,0,0,14961599.0,4145468.0,0.0,537520.0,225839.0,5587699.0,4227269.0,297008.0,8791641.0,6253266.0,1367542.0,224302.0,54701.0,1754843.0,30476.0,3585032.0,2016-07-16
2016/7/18,137,2016/7/17,2016,7,17,7,1,0,2016/7/18,2016/7/16,2016/6/17,0,0,14032340.0,3338620.0,2.0,434139.0,177091.0,4920105.0,4006189.0,272667.0,7424779.0,6059264.0,1459997.0,190478.0,82818.0,1485269.0,27983.0,3461250.0,2016-07-17
2016/7/19,171,2016/7/18,2016,7,18,1,0,0,2016/7/19,2016/7/17,2016/6/18,0,0,20038183.0,5644835.0,3138.0,1112939.0,429814.0,8395495.0,4552297.0,1010069.0,14678002.0,8375313.0,2429964.0,935689.0,317146.0,3821493.0,74144.0,3727264.0,2016-07-18
2016/7/20,197,2016/7/19,2016,7,19,2,0,0,2016/7/20,2016/7/18,2016/6/19,0,0,18835630.0,5339856.0,3086.0,1197524.0,451672.0,8002572.0,4425028.0,1004583.0,13694643.0,7783897.0,2120622.0,745511.0,300395.0,3606687.0,72538.0,3707738.0,2016-07-19
2016/7/21,155,2016/7/20,2016,7,20,3,0,0,2016/7/21,2016/7/19,2016/6/20,0,0,18209259.0,5393296.0,3107.0,1160413.0,418157.0,7598529.0,4678910.0,862113.0,13364850.0,7726276.0,2076970.0,809806.0,264583.0,3630877.0,76677.0,3759553.0,2016-07-20
2016/7/22,153,2016/7/21,2016,7,21,4,0,0,2016/7/22,2016/7/20,2016/6/21,0,0,19077372.0,5263779.0,3445.0,1154463.0,427246.0,8138420.0,4619706.0,861606.0,13465646.0,7817274.0,2135825.0,959199.0,267003.0,3509196.0,76309.0,3839424.0,2016-07-21
2016/7/23,153,2016/7/22,2016,7,22,5,0,0,2016/7/23,2016/7/21,2016/6/22,0,0,18781554.0,5308190.0,3577.0,1204910.0,403809.0,7785051.0,4228703.0,761606.0,13036041.0,8100213.0,2139921.0,863384.0,232819.0,3513004.0,83038.0,4068849.0,2016-07-22
2016/7/24,146,2016/7/23,2016,7,23,6,1,0,2016/7/24,2016/7/22,2016/6/23,0,0,14380849.0,3491600.0,2.0,521639.0,195068.0,5410764.0,4228156.0,283946.0,8073938.0,5978605.0,1639826.0,204751.0,86982.0,1678837.0,40482.0,3680081.0,2016-07-23
2016/7/25,145,2016/7/24,2016,7,24,7,1,0,2016/7/25,2016/7/23,2016/6/24,0,0,13668041.0,3152956.0,0.0,480329.0,153418.0,4780550.0,4121997.0,260177.0,6981129.0,5675834.0,1560279.0,176823.0,79205.0,1552869.0,35405.0,3537748.0,2016-07-24
2016/7/26,183,2016/7/25,2016,7,25,1,0,0,2016/7/26,2016/7/24,2016/6/25,0,0,21787137.0,5904480.0,3277.0,1261017.0,401328.0,8504942.0,4753817.0,1014653.0,15063051.0,8683857.0,2747772.0,702831.0,322225.0,3995237.0,84413.0,3915243.0,2016-07-25
2016/7/27,156,2016/7/26,2016,7,26,2,0,0,2016/7/27,2016/7/25,2016/6/26,0,0,18911254.0,5397390.0,3168.0,1230218.0,407419.0,7937050.0,4672853.0,1071611.0,13861233.0,8085636.0,2410209.0,669465.0,299548.0,3653903.0,80481.0,3928107.0,2016-07-26
2016/7/28,155,2016/7/27,2016,7,27,3,0,0,2016/7/28,2016/7/26,2016/6/27,0,0,17729017.0,5283034.0,3325.0,1243569.0,469127.0,7607246.0,4610799.0,864675.0,13237374.0,7945470.0,2016375.0,521935.0,262732.0,3703661.0,83498.0,3891336.0,2016-07-27
2016/7/29,152,2016/7/28,2016,7,28,4,0,0,2016/7/29,2016/7/27,2016/6/28,0,0,17715232.0,5369593.0,3401.0,1279198.0,389497.0,8055498.0,4609703.0,899138.0,13490459.0,7769682.0,1996433.0,1067037.0,278324.0,3805019.0,80150.0,3913093.0,2016-07-28
2016/7/30,157,2016/7/29,2016,7,29,5,0,0,2016/7/30,2016/7/28,2016/6/28,0,0,18075136.0,5545046.0,3541.0,1374321.0,363896.0,8022553.0,4633725.0,821355.0,13571997.0,8035521.0,1998875.0,751783.0,255584.0,3901627.0,82918.0,4204265.0,2016-07-29
2016/7/31,190,2016/7/30,2016,7,30,6,1,0,2016/7/31,2016/7/29,2016/6/29,0,0,13689013.0,3687422.0,4.0,599983.0,182116.0,5557426.0,4284326.0,299830.0,8378035.0,5944048.0,1358331.0,221892.0,90335.0,1712011.0,44073.0,4020772.0,2016-07-30
2016/8/1,198,2016/7/31,2016,7,31,7,1,1,2016/8/1,2016/7/30,2016/6/30,0,0,13507389.0,3374032.0,1.0,549423.0,153795.0,5182668.0,4203753.0,267561.0,7555922.0,6004599.0,1280303.0,183468.0,80203.0,1621245.0,42267.0,4130506.0,2016-07-31
2016/8/2,164,2016/8/1,2016,8,1,1,0,0,2016/8/2,2016/7/31,2016/7/1,0,0,20763943.0,6935815.0,3476.0,1437358.0,423936.0,8753961.0,5691631.0,1092652.0,18299208.0,8484521.0,2607378.0,1002575.0,326913.0,4181308.0,89541.0,5138829.0,2016-08-01
2016/8/3,150,2016/8/2,2016,8,2,2,0,0,2016/8/3,2016/8/1,2016/7/2,0,0,19155718.0,5380511.0,2837.0,1207695.0,398859.0,7831033.0,5463524.0,1041835.0,13349302.0,7642059.0,2533075.0,846980.0,302808.0,3453509.0,84446.0,4859815.0,2016-08-02
2016/8/4,159,2016/8/3,2016,8,3,3,0,0,2016/8/4,2016/8/2,2016/7/3,0,0,19519737.0,5398678.0,3122.0,1293491.0,381276.0,7954545.0,5066749.0,954334.0,13566906.0,7859204.0,2528616.0,689645.0,286130.0,3463492.0,87614.0,4770716.0,2016-08-03
2016/8/5,160,2016/8/4,2016,8,4,4,0,0,2016/8/5,2016/8/3,2016/7/4,0,0,18802329.0,5359344.0,3325.0,1206994.0,352383.0,7982228.0,4902088.0,1011217.0,13253991.0,7702413.0,2462017.0,850373.0,300326.0,3320695.0,89976.0,4627100.0,2016-08-04
2016/8/6,176,2016/8/5,2016,8,5,5,0,0,2016/8/6,2016/8/4,2016/7/5,0,0,19800497.0,5466299.0,3598.0,1218876.0,338840.0,8175072.0,4950382.0,852798.0,13801201.0,8221242.0,2590199.0,637880.0,257060.0,3391019.0,98449.0,4748624.0,2016-08-05
2016/8/7,152,2016/8/6,2016,8,6,6,1,0,2016/8/7,2016/8/5,2016/7/6,0,0,14007512.0,3573656.0,0.0,597148.0,169791.0,5367070.0,4360209.0,293594.0,8110830.0,5833507.0,1721067.0,213173.0,87020.0,1581761.0,63900.0,4410992.0,2016-08-06
2016/8/8,139,2016/8/7,2016,8,7,7,1,0,2016/8/8,2016/8/6,2016/7/7,0,0,12834939.0,3117481.0,0.0,511284.0,139103.0,4899209.0,4214173.0,279271.0,7140217.0,5746821.0,1383886.0,174905.0,83181.0,1447904.0,67427.0,4363207.0,2016-08-07
2016/8/9,177,2016/8/8,2016,8,8,1,0,0,2016/8/9,2016/8/7,2016/7/8,0,0,19517651.0,5901771.0,3457.0,1223829.0,337096.0,8486082.0,4774489.0,1016225.0,14620689.0,8182932.0,2486541.0,760588.0,307979.0,3550009.0,111706.0,4894379.0,2016-08-08
2016/8/10,235,2016/8/9,2016,8,9,2,0,0,2016/8/10,2016/8/8,2016/7/9,0,0,19755700.0,5748243.0,2928.0,1302269.0,395210.0,8496730.0,5643355.0,1068285.0,14298719.0,8186172.0,2479256.0,572650.0,273356.0,3352419.0,102325.0,7277663.0,2016-08-09
2016/8/11,176,2016/8/10,2016,8,10,3,0,0,2016/8/11,2016/8/9,2016/7/10,0,0,20830839.0,6186364.0,3202.0,1198228.0,405980.0,8860396.0,6014736.0,945727.0,15184508.0,8327419.0,2546033.0,1143797.0,273067.0,3508808.0,108216.0,4410833.0,2016-08-10
2016/8/12,175,2016/8/11,2016,8,11,4,0,0,2016/8/12,2016/8/10,2016/7/11,0,0,19861419.0,5929059.0,3272.0,1212450.0,374276.0,8537290.0,5466348.0,861060.0,14455011.0,8123782.0,2566117.0,894709.0,249004.0,3439811.0,112829.0,4445086.0,2016-08-11
2016/8/13,168,2016/8/12,2016,8,12,5,0,0,2016/8/13,2016/8/11,2016/7/12,0,0,18891999.0,5671753.0,3342.0,1226671.0,342572.0,8214183.0,4917959.0,776393.0,13725513.0,7920144.0,2586200.0,645620.0,224940.0,3370813.0,117441.0,4479338.0,2016-08-12
2016/8/14,150,2016/8/13,2016,8,13,6,1,0,2016/8/14,2016/8/12,2016/7/13,0,0,14416619.0,3722353.0,3.0,586123.0,204061.0,5984056.0,4323233.0,288795.0,8505735.0,5927153.0,1786020.0,207608.0,85571.0,1634365.0,86084.0,4136453.0,2016-08-13
2016/8/15,145,2016/8/14,2016,8,14,7,1,0,2016/8/15,2016/8/13,2016/7/14,0,0,13008427.0,3269019.0,3.0,522786.0,148859.0,5197473.0,4144074.0,267853.0,7456205.0,5701529.0,1340507.0,172723.0,80112.0,1453626.0,95511.0,4024768.0,2016-08-14
2016/8/16,140,2016/8/15,2016,8,15,1,0,0,2016/8/16,2016/8/14,2016/7/15,0,0,16756734.0,4809494.0,1501.0,896007.0,321831.0,7277427.0,4716008.0,679382.0,11610345.0,7176001.0,1865889.0,493549.0,182438.0,2530128.0,101449.0,4428148.0,2016-08-15
2016/8/17,163,2016/8/16,2016,8,16,2,0,0,2016/8/17,2016/8/15,2016/7/16,0,0,20505040.0,6349968.0,2998.0,1269227.0,494802.0,9357380.0,5287941.0,1090911.0,15764484.0,8650472.0,2391271.0,814374.0,284763.0,3606629.0,107386.0,4831527.0,2016-08-16
2016/8/18,160,2016/8/17,2016,8,17,3,0,0,2016/8/18,2016/8/16,2016/7/17,0,0,19091832.0,5651339.0,2727.0,1190277.0,452142.0,8377354.0,4843169.0,835862.0,14075005.0,7768614.0,2342618.0,658479.0,251736.0,3383256.0,105715.0,4509966.0,2016-08-17
2016/8/19,154,2016/8/18,2016,8,18,4,0,0,2016/8/19,2016/8/17,2016/7/18,0,0,18481715.0,5719072.0,2884.0,1179513.0,436788.0,8422162.0,4825343.0,868649.0,13956905.0,7810250.0,2479019.0,785292.0,270007.0,3385606.0,115505.0,4387705.0,2016-08-18
2016/8/20,158,2016/8/19,2016,8,19,5,0,0,2016/8/20,2016/8/18,2016/7/19,0,0,18553052.0,5782355.0,3107.0,1229708.0,395930.0,8453498.0,4803966.0,803713.0,14000489.0,8062121.0,2255623.0,634153.0,245850.0,3477391.0,123749.0,4437582.0,2016-08-19
2016/8/21,147,2016/8/20,2016,8,20,6,1,0,2016/8/21,2016/8/19,2016/7/20,0,0,14834414.0,4027089.0,1.0,624153.0,222068.0,6289078.0,4451151.0,304465.0,9256226.0,6334689.0,1524769.0,198599.0,90421.0,1655723.0,80749.0,4269680.0,2016-08-20
2016/8/22,148,2016/8/21,2016,8,21,7,1,0,2016/8/22,2016/8/20,2016/7/21,0,0,13516420.0,3507328.0,2.0,558740.0,159175.0,5510344.0,4239578.0,273658.0,7916597.0,5936242.0,1415620.0,171305.0,79630.0,1514432.0,71594.0,4067776.0,2016-08-21
2016/8/23,166,2016/8/22,2016,8,22,1,0,0,2016/8/23,2016/8/21,2016/7/22,0,0,20056740.0,6281659.0,3296.0,1260038.0,393755.0,9214206.0,4956473.0,993364.0,15590751.0,8465908.0,2507778.0,953737.0,310291.0,3740890.0,119148.0,4378822.0,2016-08-22
2016/8/24,169,2016/8/23,2016,8,23,2,0,0,2016/8/24,2016/8/22,2016/7/23,0,0,20638372.0,6041351.0,3252.0,1272202.0,406862.0,9019747.0,4861337.0,1204864.0,14888975.0,8256138.0,2607052.0,611839.0,294966.0,3548144.0,107654.0,4458624.0,2016-08-23
2016/8/25,168,2016/8/24,2016,8,24,3,0,0,2016/8/25,2016/8/23,2016/7/24,0,0,20201637.0,5942921.0,3087.0,1258214.0,383799.0,8716678.0,4777621.0,840234.0,14433360.0,8213942.0,2623500.0,532155.0,258939.0,3617394.0,108573.0,4435462.0,2016-08-24
2016/8/26,190,2016/8/25,2016,8,25,4,0,0,2016/8/26,2016/8/24,2016/7/25,0,0,21843781.0,6429778.0,3354.0,1292785.0,386917.0,9617863.0,4994698.0,847799.0,15399179.0,8495598.0,2841608.0,646509.0,260600.0,3671409.0,136072.0,4512098.0,2016-08-25
2016/8/27,161,2016/8/26,2016,8,26,5,0,0,2016/8/27,2016/8/25,2016/7/26,0,0,20131130.0,6935953.0,3392.0,1284993.0,353266.0,8879960.0,4920935.0,780390.0,14828799.0,8567605.0,2547897.0,568154.0,235762.0,3711114.0,134142.0,4555849.0,2016-08-26
2016/8/28,191,2016/8/27,2016,8,27,6,1,0,2016/8/28,2016/8/26,2016/7/27,0,0,14968205.0,5203471.0,0.0,594848.0,192571.0,6242645.0,4493417.0,290866.0,9143408.0,6596418.0,1505640.0,203140.0,84659.0,1655900.0,61928.0,4281741.0,2016-08-27
2016/8/29,151,2016/8/28,2016,8,28,7,1,0,2016/8/29,2016/8/27,2016/7/28,0,0,14317842.0,4674469.0,0.0,550275.0,154954.0,5704507.0,4514950.0,284381.0,8205378.0,6414794.0,1404456.0,178863.0,81876.0,1535968.0,55175.0,4215029.0,2016-08-28
2016/8/30,161,2016/8/29,2016,8,29,1,0,0,2016/8/30,2016/8/28,2016/7/29,0,0,20097315.0,7289252.0,3411.0,1315901.0,370966.0,9326692.0,4929879.0,960737.0,15467387.0,8600881.0,2326414.0,676502.0,292967.0,4129059.0,107376.0,4446373.0,2016-08-29
2016/8/31,156,2016/8/30,2016,8,30,2,0,0,2016/8/31,2016/8/29,2016/7/30,0,0,19869360.0,6582800.0,3074.0,1345385.0,406960.0,9164845.0,4932750.0,1040789.0,15026492.0,8406705.0,2237025.0,553470.0,289684.0,3897965.0,105080.0,4558519.0,2016-08-30
2016/9/1,220,2016/8/31,2016,8,31,3,0,1,2016/9/1,2016/8/30,2016/7/31,0,0,20634793.0,6308502.0,3162.0,1390885.0,370488.0,9295692.0,5131117.0,894218.0,15626739.0,8526614.0,2356350.0,563114.0,270520.0,3964816.0,108731.0,4675541.0,2016-08-31
2016/9/2,181,2016/9/1,2016,9,1,4,0,0,2016/9/2,2016/8/31,2016/8/1,0,0,21740630.0,6302611.0,3231.0,1367442.0,390358.0,9203993.0,5970286.0,907091.0,15401674.0,8362567.0,2847607.0,508544.0,276420.0,4055915.0,110366.0,5273639.0,2016-09-01
2016/9/3,205,2016/9/2,2016,9,2,5,0,0,2016/9/3,2016/9/1,2016/8/2,0,0,21448812.0,6030202.0,3204.0,1277448.0,368928.0,9354275.0,5662667.0,799602.0,14833533.0,8440614.0,2823035.0,634630.0,242645.0,3487919.0,99918.0,5231531.0,2016-09-02
2016/9/4,160,2016/9/3,2016,9,3,6,1,0,2016/9/4,2016/9/2,2016/8/3,0,0,16822378.0,4147019.0,1.0,576243.0,191256.0,6919002.0,5016474.0,301587.0,9282464.0,6644663.0,2006242.0,227132.0,90929.0,1735636.0,55243.0,4740777.0,2016-09-03
2016/9/5,162,2016/9/4,2016,9,4,7,1,0,2016/9/5,2016/9/3,2016/8/4,0,0,15871298.0,3854833.0,0.0,506263.0,157603.0,6198813.0,4872836.0,282169.0,8329143.0,6448944.0,1809560.0,182518.0,83706.0,1576964.0,52089.0,4576627.0,2016-09-04
2016/9/6,203,2016/9/5,2016,9,5,1,0,0,2016/9/6,2016/9/4,2016/8/5,0,0,22761988.0,6469414.0,2868.0,1229050.0,373638.0,10044897.0,5350571.0,970886.0,15956522.0,8902048.0,3035882.0,683111.0,298703.0,3786735.0,103385.0,4874610.0,2016-09-05
2016/9/7,163,2016/9/6,2016,9,6,2,0,0,2016/9/7,2016/9/5,2016/8/6,0,0,20718506.0,5949904.0,2868.0,1184629.0,408361.0,9245994.0,5142047.0,986291.0,14921915.0,8207426.0,2760629.0,659578.0,282863.0,3462918.0,102603.0,4847070.0,2016-09-06
2016/9/8,170,2016/9/7,2016,9,7,3,0,0,2016/9/8,2016/9/6,2016/8/7,0,0,19454828.0,5742202.0,3205.0,1136035.0,431271.0,8891232.0,5016615.0,856832.0,14045559.0,8067606.0,2385563.0,944332.0,257395.0,3327831.0,99450.0,4767234.0,2016-09-07
2016/9/9,159,2016/9/8,2016,9,8,4,0,0,2016/9/9,2016/9/7,2016/8/8,0,0,20476785.0,6117664.0,3149.0,1150557.0,385703.0,9461549.0,5118982.0,859189.0,14620978.0,7957975.0,2548728.0,590696.0,255260.0,3435505.0,104037.0,4884976.0,2016-09-08
2016/9/10,176,2016/9/9,2016,9,9,5,0,0,2016/9/10,2016/9/8,2016/8/9,0,0,21498028.0,6492352.0,3553.0,1219651.0,369747.0,9593195.0,6315039.0,799414.0,15367013.0,8673914.0,2635227.0,566286.0,238588.0,3527045.0,93460.0,5096853.0,2016-09-09
2016/9/11,179,2016/9/10,2016,9,10,6,1,0,2016/9/11,2016/9/9,2016/8/10,0,0,17488770.0,4491973.0,0.0,584028.0,201363.0,7243235.0,6010234.0,319865.0,10120027.0,6895536.0,1885114.0,207594.0,94448.0,1774473.0,54145.0,5181916.0,2016-09-10
2016/9/12,180,2016/9/11,2016,9,11,7,1,0,2016/9/12,2016/9/10,2016/8/11,0,0,15213396.0,3829548.0,3.0,488634.0,156472.0,6201755.0,5011764.0,295641.0,8197525.0,6456872.0,1622876.0,177218.0,87293.0,1547209.0,54052.0,4605285.0,2016-09-11
2016/9/13,174,2016/9/12,2016,9,12,1,0,0,2016/9/13,2016/9/11,2016/8/12,0,0,22553750.0,6877100.0,3191.0,1187081.0,404070.0,10336060.0,5490845.0,984184.0,16513050.0,9001613.0,2864811.0,762367.0,305267.0,3864260.0,101795.0,4871870.0,2016-09-12
2016/9/14,158,2016/9/13,2016,9,13,2,0,0,2016/9/14,2016/9/12,2016/8/13,0,0,21509967.0,6652453.0,3181.0,1220927.0,364958.0,9860144.0,5095169.0,925228.0,15648188.0,8763572.0,2744731.0,648888.0,262140.0,3557314.0,106230.0,5023376.0,2016-09-13
2016/9/15,189,2016/9/14,2016,9,14,3,0,0,2016/9/15,2016/9/13,2016/8/14,0,0,23265226.0,7256405.0,3802.0,1275122.0,327664.0,11122698.0,5426818.0,789365.0,17004389.0,9636915.0,2434004.0,661173.0,234562.0,4016722.0,98568.0,5827263.0,2016-09-14
2016/9/16,171,2016/9/15,2016,9,15,4,0,0,2016/9/16,2016/9/14,2016/8/15,0,0,15044925.0,3851313.0,0.0,605859.0,146426.0,5920936.0,4608959.0,245148.0,7737650.0,6603132.0,1189117.0,286885.0,66622.0,1603893.0,53144.0,8253834.0,2016-09-15
2016/9/17,151,2016/9/16,2016,9,16,5,0,0,2016/9/17,2016/9/15,2016/8/16,0,0,14404463.0,3707377.0,0.0,488212.0,140304.0,5792313.0,4648411.0,275191.0,8195139.0,5999453.0,1443431.0,286662.0,80185.0,1568491.0,49636.0,4757324.0,2016-09-16
2016/9/18,144,2016/9/17,2016,9,17,6,1,0,2016/9/18,2016/9/16,2016/8/17,0,0,15205925.0,3723647.0,1.0,453066.0,140383.0,6130047.0,4675572.0,284855.0,8384555.0,5954860.0,1663947.0,185836.0,85057.0,1531506.0,50437.0,4665373.0,2016-09-17
2016/9/19,171,2016/9/18,2016,9,18,7,1,0,2016/9/19,2016/9/17,2016/8/18,0,0,21337901.0,5955138.0,3128.0,1090075.0,256628.0,9018829.0,5177511.0,789885.0,14551027.0,7970974.0,2570941.0,224876.0,249710.0,3768529.0,87462.0,4879618.0,2016-09-18
2016/9/20,152,2016/9/19,2016,9,19,1,0,0,2016/9/20,2016/9/18,2016/8/19,0,0,21252394.0,6574077.0,2896.0,1191733.0,375471.0,9758675.0,5254563.0,1047865.0,16204855.0,8381657.0,2556325.0,751774.0,326100.0,3631683.0,100962.0,4883519.0,2016-09-19
2016/9/21,177,2016/9/20,2016,9,20,2,0,0,2016/9/21,2016/9/19,2016/8/20,0,0,21437061.0,6690477.0,3072.0,1178687.0,393968.0,9641971.0,5338891.0,952255.0,15943254.0,8485888.0,2506272.0,511377.0,276243.0,3697327.0,104561.0,5078392.0,2016-09-20
2016/9/22,184,2016/9/21,2016,9,21,3,0,0,2016/9/22,2016/9/20,2016/8/21,0,0,20695501.0,6358186.0,3191.0,1265793.0,372250.0,9226019.0,5215505.0,856174.0,15314683.0,8267302.0,2498254.0,757590.0,256394.0,3729212.0,101716.0,5058382.0,2016-09-21
2016/9/23,188,2016/9/22,2016,9,22,4,0,0,2016/9/23,2016/9/21,2016/8/22,0,0,20507312.0,6292955.0,3282.0,1169098.0,386052.0,9164914.0,5146245.0,845590.0,14978514.0,8212052.0,2547285.0,859444.0,254196.0,3621360.0,103909.0,4958545.0,2016-09-22
2016/9/24,165,2016/9/23,2016,9,23,5,0,0,2016/9/24,2016/9/22,2016/8/23,0,0,21517606.0,6466889.0,3400.0,1232223.0,389224.0,9101374.0,5201150.0,808505.0,15149284.0,8622443.0,2800156.0,675946.0,241683.0,3783164.0,102472.0,5056286.0,2016-09-23
2016/9/25,153,2016/9/24,2016,9,24,6,1,0,2016/9/25,2016/9/23,2016/8/24,0,0,17375459.0,4399474.0,2.0,501104.0,193567.0,6990704.0,4866247.0,307459.0,9754854.0,6838727.0,2015308.0,204794.0,87855.0,1761766.0,54991.0,4919194.0,2016-09-24
2016/9/26,178,2016/9/25,2016,9,25,7,1,0,2016/9/26,2016/9/24,2016/8/25,0,0,17862058.0,4118709.0,5.0,460250.0,165484.0,6782219.0,4835746.0,303864.0,9151137.0,6819389.0,2154815.0,181840.0,86609.0,1642418.0,69696.0,4840927.0,2016-09-25
2016/9/27,162,2016/9/26,2016,9,26,1,0,0,2016/9/27,2016/9/25,2016/8/26,0,0,22450394.0,6933171.0,3523.0,1284298.0,376089.0,10362623.0,5303106.0,1044727.0,16648978.0,9119033.0,2806639.0,718161.0,309259.0,4152533.0,115963.0,5126466.0,2016-09-26
2016/9/28,156,2016/9/27,2016,9,27,2,0,0,2016/9/28,2016/9/26,2016/8/27,0,0,21565973.0,6737400.0,3511.0,1295412.0,393199.0,10315303.0,5279988.0,969125.0,15962094.0,8912169.0,2474960.0,576391.0,282045.0,4062856.0,120139.0,5247566.0,2016-09-27
2016/9/29,157,2016/9/28,2016,9,28,3,0,0,2016/9/29,2016/9/27,2016/8/28,0,0,21522869.0,6759376.0,3446.0,1369641.0,356724.0,10472741.0,5272961.0,905193.0,16172417.0,8887854.0,2321100.0,635152.0,264775.0,4152433.0,138246.0,5236531.0,2016-09-28
2016/9/30,166,2016/9/29,2016,9,29,4,0,0,2016/9/30,2016/9/28,2016/8/29,0,0,23449495.0,6974957.0,3843.0,1453382.0,345605.0,11218663.0,5228682.0,953506.0,16991341.0,9141946.0,2415762.0,638795.0,282206.0,4329489.0,151660.0,5337946.0,2016-09-29
2016/10/1,225,2016/9/30,2016,9,30,5,0,1,2016/10/1,2016/9/29,2016/8/30,0,0,25283428.0,7930503.0,4937.0,1587759.0,331936.0,10916996.0,5759243.0,1052534.0,19490847.0,10685553.0,2526470.0,586806.0,285034.0,4604552.0,177504.0,5781325.0,2016-09-30
2016/10/2,168,2016/10/1,2016,10,1,6,1,0,2016/10/2,2016/9/30,2016/8/31,1,0,15865584.0,4072713.0,432.0,597355.0,155467.0,5352337.0,5540655.0,228130.0,8113844.0,7411069.0,1660212.0,186891.0,58854.0,1939165.0,81759.0,6324499.0,2016-10-01
2016/10/3,152,2016/10/2,2016,10,2,7,1,0,2016/10/3,2016/10/1,2016/9/1,1,0,13395366.0,3403523.0,0.0,545470.0,124372.0,4440825.0,4986668.0,200560.0,7030842.0,6342942.0,1546050.0,165754.0,52646.0,1551732.0,81899.0,5271694.0,2016-10-02
2016/10/4,146,2016/10/3,2016,10,3,1,0,0,2016/10/4,2016/10/2,2016/9/2,1,0,13127110.0,3405326.0,0.0,456669.0,121137.0,4442427.0,4721229.0,208402.0,6896651.0,6155455.0,1628474.0,345215.0,56044.0,1486502.0,71465.0,4992437.0,2016-10-03
2016/10/5,149,2016/10/4,2016,10,4,2,0,0,2016/10/5,2016/10/3,2016/9/3,0,0,13552267.0,3567689.0,3.0,469316.0,128924.0,4808562.0,4662303.0,234688.0,7986931.0,6083963.0,1646715.0,406499.0,64085.0,1538572.0,74219.0,4898598.0,2016-10-04
2016/10/6,155,2016/10/5,2016,10,5,3,0,0,2016/10/6,2016/10/4,2016/9/4,0,0,13591412.0,3647962.0,2.0,503213.0,131938.0,4946170.0,4644050.0,255986.0,8222703.0,6064012.0,1728714.0,396031.0,71492.0,1550553.0,83484.0,4847888.0,2016-10-05
2016/10/7,147,2016/10/6,2016,10,6,4,0,0,2016/10/7,2016/10/5,2016/9/5,0,0,13630557.0,3728235.0,0.0,537109.0,134952.0,5083778.0,4625797.0,277284.0,8458474.0,6044061.0,1810713.0,385562.0,78898.0,1562534.0,92749.0,4797177.0,2016-10-06
2016/10/8,146,2016/10/7,2016,10,7,5,0,0,2016/10/8,2016/10/6,2016/9/6,0,0,13772545.0,4059292.0,0.0,515589.0,147103.0,5426854.0,4944677.0,351684.0,8905161.0,6125196.0,1595208.0,450244.0,104298.0,1627193.0,94165.0,4986638.0,2016-10-07
2016/10/9,156,2016/10/8,2016,10,8,6,1,0,2016/10/9,2016/10/7,2016/9/7,0,0,22107388.0,6616499.0,4606.0,1515882.0,279443.0,9512197.0,5547804.0,1071255.0,16572321.0,8907078.0,2890742.0,286476.0,342973.0,4622196.0,138861.0,5218578.0,2016-10-08
2016/10/10,152,2016/10/9,2016,10,9,7,1,0,2016/10/10,2016/10/8,2016/9/8,0,0,20823904.0,5979241.0,2969.0,1304112.0,255657.0,8630184.0,6405089.0,836424.0,14968027.0,8008975.0,2675938.0,233247.0,270090.0,3397707.0,135669.0,5278189.0,2016-10-09
2016/10/11,170,2016/10/10,2016,10,10,1,0,0,2016/10/11,2016/10/9,2016/9/9,0,0,23519898.0,7411163.0,2500.0,1392933.0,467649.0,10245882.0,6989792.0,1337430.0,18325736.0,9141176.0,2900283.0,1001231.0,401122.0,3781045.0,148768.0,5477077.0,2016-10-10
2016/10/12,202,2016/10/11,2016,10,11,2,0,0,2016/10/12,2016/10/10,2016/9/10,0,0,20995280.0,6652259.0,3219.0,1319709.0,559000.0,9222738.0,5903989.0,1121642.0,16664447.0,8639000.0,2654414.0,654973.0,340736.0,3735349.0,156351.0,5414746.0,2016-10-11
2016/10/13,174,2016/10/12,2016,10,12,3,0,0,2016/10/13,2016/10/11,2016/9/11,0,0,20483850.0,6462850.0,3201.0,1257632.0,464671.0,8995323.0,5546224.0,962848.0,15749260.0,8301353.0,2788476.0,475120.0,286079.0,3650272.0,147129.0,5212365.0,2016-10-12
2016/10/14,167,2016/10/13,2016,10,13,4,0,0,2016/10/14,2016/10/12,2016/9/12,0,0,19677428.0,6402215.0,3310.0,1287049.0,408066.0,9095898.0,5229830.0,908175.0,15606362.0,8400933.0,2776796.0,596825.0,273635.0,3629275.0,162397.0,5257672.0,2016-10-13
2016/10/15,261,2016/10/14,2016,10,14,5,0,0,2016/10/15,2016/10/13,2016/9/13,0,0,19946332.0,6633399.0,3572.0,1377334.0,375727.0,9406872.0,5335918.0,817376.0,15958526.0,8809805.0,2495017.0,478648.0,243031.0,3764525.0,159144.0,5508801.0,2016-10-14
2016/10/16,157,2016/10/15,2016,10,15,6,1,0,2016/10/16,2016/10/14,2016/9/14,0,0,16183166.0,4663103.0,0.0,794156.0,207140.0,7078469.0,5187414.0,308799.0,11125475.0,6869724.0,1596582.0,196359.0,90229.0,1770248.0,124726.0,5477190.0,2016-10-15
2016/10/17,165,2016/10/16,2016,10,16,7,1,0,2016/10/17,2016/10/15,2016/9/15,0,0,14114787.0,3991579.0,1.0,730011.0,157844.0,6182181.0,5008287.0,287919.0,9207199.0,6536178.0,1471770.0,173347.0,83016.0,1639710.0,140101.0,5285654.0,2016-10-16
2016/10/18,158,2016/10/17,2016,10,17,1,0,0,2016/10/18,2016/10/16,2016/9/16,0,0,20408392.0,7025104.0,3245.0,1470633.0,397822.0,10303947.0,5376995.0,987201.0,17361315.0,8828112.0,2750388.0,480333.0,303860.0,4067569.0,193050.0,5509846.0,2016-10-17
2016/10/19,165,2016/10/18,2016,10,18,2,0,0,2016/10/19,2016/10/17,2016/9/17,0,0,19263675.0,6593251.0,3362.0,1457684.0,433510.0,9744157.0,5295010.0,979238.0,16143756.0,8346595.0,2638306.0,692914.0,284227.0,3856447.0,206143.0,5556079.0,2016-10-18
2016/10/20,165,2016/10/19,2016,10,19,3,0,0,2016/10/20,2016/10/18,2016/9/18,0,0,18272412.0,6337615.0,3148.0,1460125.0,444620.0,9761128.0,5180677.0,863465.0,15669520.0,8247840.0,2543741.0,515958.0,257086.0,3919450.0,222049.0,5502716.0,2016-10-19
2016/10/21,202,2016/10/20,2016,10,20,4,0,0,2016/10/21,2016/10/19,2016/9/19,0,0,19319801.0,6681426.0,3366.0,1480562.0,393714.0,10711013.0,5300781.0,851292.0,16229252.0,8576323.0,2557178.0,543900.0,258256.0,3841554.0,278231.0,5773175.0,2016-10-20
2016/10/22,159,2016/10/21,2016,10,21,5,0,0,2016/10/22,2016/10/20,2016/9/20,0,0,17979700.0,6248961.0,3462.0,1460098.0,363415.0,8640499.0,5218209.0,789199.0,14518660.0,8705862.0,2435627.0,509523.0,233048.0,3722571.0,193191.0,5724385.0,2016-10-21
2016/10/23,145,2016/10/22,2016,10,22,6,1,0,2016/10/23,2016/10/21,2016/9/21,0,0,13803650.0,4327928.0,0.0,763658.0,198960.0,5949571.0,4815075.0,300109.0,9359061.0,6579184.0,1634657.0,205597.0,86325.0,1789287.0,134948.0,5515530.0,2016-10-22
2016/10/24,157,2016/10/23,2016,10,23,7,1,0,2016/10/24,2016/10/22,2016/9/22,0,0,14485680.0,3486056.0,537.0,668783.0,175872.0,5560475.0,4924381.0,3272262.0,6744050.0,6718803.0,1783420.0,183590.0,100412.0,1427728.0,144926.0,5397778.0,2016-10-23
2016/10/25,182,2016/10/24,2016,10,24,1,0,0,2016/10/25,2016/10/23,2016/9/23,0,0,21013998.0,6900598.0,3173.0,1642441.0,439017.0,9485137.0,5189613.0,1013430.0,16287956.0,9131977.0,3094441.0,541773.0,324831.0,4026176.0,185265.0,5578206.0,2016-10-24
2016/10/26,187,2016/10/25,2016,10,25,2,0,0,2016/10/26,2016/10/24,2016/9/24,0,0,21851967.0,7155221.0,3194.0,1581465.0,503460.0,9745211.0,5283301.0,1076209.0,16315609.0,9291521.0,3233413.0,627862.0,297206.0,4009622.0,178597.0,5760637.0,2016-10-25
2016/10/27,158,2016/10/26,2016,10,26,3,0,0,2016/10/27,2016/10/25,2016/9/25,0,0,18464686.0,6422149.0,2069.0,1528663.0,496351.0,8307690.0,5323818.0,976674.0,15098244.0,8352575.0,2835771.0,724121.0,309246.0,4121391.0,165621.0,5341046.0,2016-10-26
2016/10/28,159,2016/10/27,2016,10,27,4,0,0,2016/10/28,2016/10/26,2016/9/26,0,0,18383118.0,6559231.0,5202.0,1758183.0,359375.0,9580529.0,5021031.0,1626257.0,15280571.0,9290369.0,2623209.0,494327.0,229046.0,4185730.0,154425.0,6157610.0,2016-10-27
2016/10/29,164,2016/10/28,2016,10,28,5,0,0,2016/10/29,2016/10/27,2016/9/27,0,0,17966732.0,6379453.0,3650.0,1610707.0,364914.0,8753382.0,5343129.0,998010.0,14570763.0,8996094.0,2375647.0,493133.0,233741.0,4158765.0,147778.0,5942538.0,2016-10-28
2016/10/30,149,2016/10/29,2016,10,29,6,1,0,2016/10/30,2016/10/28,2016/9/28,0,0,13670800.0,4327069.0,0.0,774665.0,188062.0,5759311.0,4929110.0,287576.0,9062487.0,6894065.0,1502351.0,215933.0,96127.0,1762084.0,84694.0,5563737.0,2016-10-29
2016/10/31,152,2016/10/30,2016,10,30,7,1,1,2016/10/31,2016/10/29,2016/9/29,0,0,12893670.0,3929484.0,1.0,708017.0,157670.0,5409568.0,5000828.0,507315.0,7521984.0,6904046.0,1485353.0,182915.0,93752.0,1656932.0,99322.0,5493647.0,2016-10-30
2016/11/1,206,2016/10/31,2016,10,31,1,0,0,2016/11/1,2016/10/30,2016/9/30,1,0,18602672.0,7166066.0,3283.0,1687360.0,356993.0,9686609.0,5645411.0,950759.0,14881615.0,9413209.0,2544803.0,629174.0,297274.0,4576782.0,147277.0,6039412.0,2016-10-31
2016/11/2,175,2016/11/1,2016,11,1,2,0,0,2016/11/2,2016/10/31,2016/10/1,0,0,20027303.0,7150660.0,3037.0,1682336.0,406745.0,9628571.0,6305190.0,968782.0,14823372.0,9140564.0,3026052.0,715614.0,299305.0,4004018.0,145325.0,6863544.0,2016-11-01
2016/11/3,165,2016/11/2,2016,11,2,3,0,0,2016/11/3,2016/11/1,2016/10/2,0,0,19274201.0,6814918.0,3317.0,1529296.0,426536.0,9031720.0,5934580.0,854017.0,13827513.0,8966912.0,3061630.0,859885.0,269437.0,3560600.0,134493.0,6629578.0,2016-11-02
2016/11/4,210,2016/11/3,2016,11,3,4,0,0,2016/11/4,2016/11/2,2016/10/3,0,0,16713051.0,6646260.0,3315.0,1485497.0,400509.0,9015551.0,5515712.0,856629.0,12913998.0,8667992.0,2963769.0,838269.0,265552.0,3514901.0,133961.0,6415363.0,2016-11-03
2016/11/5,167,2016/11/4,2016,11,4,5,0,0,2016/11/5,2016/11/3,2016/10/4,0,0,15994562.0,6365837.0,3424.0,1364600.0,376922.0,8764194.0,5342545.0,830329.0,12755907.0,9132052.0,2845182.0,683775.0,249380.0,3456606.0,121749.0,6435146.0,2016-11-04
2016/11/6,193,2016/11/5,2016,11,5,6,1,0,2016/11/6,2016/11/4,2016/10/5,0,0,13502286.0,4501220.0,0.0,763353.0,212807.0,6556119.0,5136510.0,1101432.0,8300059.0,7617948.0,2463164.0,230985.0,110162.0,1863253.0,75610.0,6482871.0,2016-11-05
2016/11/7,144,2016/11/6,2016,11,6,7,1,0,2016/11/7,2016/11/5,2016/10/6,0,0,11792078.0,3869056.0,0.0,656724.0,162852.0,5323246.0,4900782.0,785006.0,6936447.0,6848030.0,1898877.0,195902.0,101283.0,1579602.0,78235.0,5950887.0,2016-11-06
2016/11/8,175,2016/11/7,2016,11,7,1,0,0,2016/11/8,2016/11/6,2016/10/7,0,0,14999199.0,6648854.0,3635.0,1432907.0,368169.0,8806393.0,5291236.0,984704.0,13135533.0,8850858.0,2680839.0,699582.0,313923.0,3704549.0,113601.0,6251053.0,2016-11-07
2016/11/9,160,2016/11/8,2016,11,8,2,0,0,2016/11/9,2016/11/7,2016/10/8,0,0,15430529.0,6592496.0,3357.0,1527993.0,413555.0,8591776.0,5394500.0,936645.0,12942026.0,8743768.0,2740269.0,646466.0,297244.0,3493500.0,107498.0,6213677.0,2016-11-08
2016/11/10,160,2016/11/9,2016,11,9,3,0,0,2016/11/10,2016/11/8,2016/10/9,0,0,15383609.0,6776967.0,3542.0,1386577.0,407816.0,8390831.0,6265036.0,891268.0,13196014.0,8872449.0,2696499.0,3029734.0,276536.0,3506313.0,115872.0,6092791.0,2016-11-09
2016/11/11,183,2016/11/10,2016,11,10,4,0,0,2016/11/11,2016/11/9,2016/10/10,0,0,18586920.0,7210874.0,3181.0,1463432.0,399708.0,9735109.0,6622725.0,866520.0,14076754.0,9644174.0,2894330.0,1137957.0,276075.0,3659228.0,117604.0,6340151.0,2016-11-10
2016/11/12,256,2016/11/11,2016,11,11,5,0,0,2016/11/12,2016/11/10,2016/10/11,0,0,16353159.0,7466606.0,3646.0,1693451.0,436511.0,9286345.0,12420035.0,801476.0,13591732.0,9827022.0,2780360.0,1088343.0,254786.0,3568954.0,111072.0,7480794.0,2016-11-11
2016/11/13,171,2016/11/12,2016,11,12,6,1,0,2016/11/13,2016/11/11,2016/10/12,0,0,12230691.0,4436241.0,0.0,722792.0,235338.0,5887513.0,5428752.0,306610.0,7954196.0,6830799.0,2105614.0,279266.0,103040.0,1716779.0,71649.0,5881428.0,2016-11-12
2016/11/14,157,2016/11/13,2016,11,13,7,1,0,2016/11/14,2016/11/12,2016/10/13,0,0,11543145.0,3825201.0,4.0,637350.0,172023.0,5169416.0,4741790.0,297255.0,7068186.0,6684995.0,1967401.0,209083.0,100504.0,674208.0,66204.0,5747631.0,2016-11-13
2016/11/15,163,2016/11/14,2016,11,14,1,0,0,2016/11/15,2016/11/13,2016/10/14,0,0,15487071.0,6722814.0,3499.0,1399792.0,445227.0,8861657.0,5062806.0,983445.0,13605924.0,9003614.0,2621554.0,1391022.0,319027.0,2729721.0,126044.0,5978465.0,2016-11-14
2016/11/16,172,2016/11/15,2016,11,15,2,0,0,2016/11/16,2016/11/14,2016/10/15,0,0,16572711.0,7562144.0,3224.0,1438076.0,480262.0,9876294.0,5485700.0,915541.0,14588680.0,9438396.0,2518587.0,977080.0,288897.0,2699670.0,117846.0,6304067.0,2016-11-15
2016/11/17,179,2016/11/16,2016,11,16,3,0,0,2016/11/17,2016/11/15,2016/10/16,0,0,15673837.0,6722533.0,3258.0,1385641.0,460128.0,8836687.0,5262423.0,840788.0,13540658.0,8847588.0,2470755.0,889354.0,264235.0,2526606.0,121291.0,6299362.0,2016-11-16
2016/11/18,164,2016/11/17,2016,11,17,4,0,0,2016/11/18,2016/11/16,2016/10/17,0,0,14972036.0,6176481.0,3305.0,1374730.0,403608.0,8456797.0,4961763.0,802333.0,12389768.0,8380978.0,2664681.0,610672.0,259798.0,2404575.0,111703.0,6059652.0,2016-11-17
2016/11/19,163,2016/11/18,2016,11,18,5,0,0,2016/11/19,2016/11/17,2016/10/18,0,0,14887023.0,6400331.0,3409.0,1420978.0,382030.0,8684832.0,5084851.0,750175.0,12639339.0,8886079.0,2664025.0,1028351.0,237507.0,2543765.0,120997.0,6254659.0,2016-11-18
2016/11/20,154,2016/11/19,2016,11,19,6,1,0,2016/11/20,2016/11/18,2016/10/19,0,0,11340372.0,4259284.0,0.0,698713.0,198167.0,5654508.0,4798692.0,294834.0,7743790.0,6718109.0,1612164.0,225840.0,100201.0,795132.0,67969.0,5882016.0,2016-11-19
2016/11/21,162,2016/11/20,2016,11,20,7,1,0,2016/11/21,2016/11/19,2016/10/20,0,0,11080730.0,3989574.0,8.0,762901.0,163948.0,5381782.0,4966144.0,297809.0,7348791.0,6829634.0,1551832.0,195754.0,102630.0,647009.0,72770.0,5937943.0,2016-11-20
2016/11/22,163,2016/11/21,2016,11,21,1,0,0,2016/11/22,2016/11/20,2016/10/21,0,0,15087736.0,6711893.0,3550.0,1403465.0,394034.0,8980458.0,5326659.0,993791.0,13329802.0,9110104.0,2663007.0,844250.0,316774.0,2843380.0,127333.0,6237238.0,2016-11-21
2016/11/23,165,2016/11/22,2016,11,22,2,0,0,2016/11/23,2016/11/21,2016/10/22,0,0,15078655.0,6450233.0,3503.0,1392317.0,443376.0,8605948.0,5307363.0,906367.0,12723101.0,9013495.0,2742897.0,700082.0,290090.0,2702044.0,122255.0,6206848.0,2016-11-22
2016/11/24,167,2016/11/23,2016,11,23,3,0,0,2016/11/24,2016/11/22,2016/10/23,0,0,15069573.0,6188573.0,3456.0,1381169.0,492717.0,8231437.0,5288067.0,818943.0,12116400.0,8916886.0,2822787.0,555913.0,263406.0,2560708.0,117176.0,6176457.0,2016-11-23
2016/11/25,171,2016/11/24,2016,11,24,4,0,0,2016/11/25,2016/11/23,2016/10/24,0,0,15537594.0,6151190.0,3260.0,1430035.0,407086.0,8328034.0,5236573.0,807446.0,12382262.0,8892692.0,2779064.0,783994.0,261324.0,2534827.0,114991.0,6510201.0,2016-11-24
2016/11/26,193,2016/11/25,2016,11,25,5,0,0,2016/11/26,2016/11/24,2016/10/25,0,0,17131247.0,6699395.0,3666.0,1528292.0,391261.0,9155815.0,5378990.0,797807.0,13562884.0,9743320.0,3031859.0,1020500.0,249829.0,2755456.0,134400.0,6272867.0,2016-11-25
2016/11/27,152,2016/11/26,2016,11,26,6,1,0,2016/11/27,2016/11/25,2016/10/26,0,0,11697507.0,4304328.0,7.0,704194.0,235555.0,5862548.0,4979344.0,302816.0,7983028.0,7111381.0,1887892.0,227545.0,101622.0,834154.0,79650.0,5952880.0,2016-11-26
2016/11/28,155,2016/11/27,2016,11,27,7,1,0,2016/11/28,2016/11/26,2016/10/27,0,0,11007968.0,3818837.0,9.0,639602.0,176063.0,5196700.0,4999323.0,281811.0,7076783.0,6966293.0,1517015.0,192841.0,96069.0,721217.0,77698.0,5848906.0,2016-11-27
2016/11/29,181,2016/11/28,2016,11,28,1,0,0,2016/11/29,2016/11/27,2016/10/28,0,0,15632864.0,6912173.0,3312.0,1520622.0,433271.0,9378882.0,5519910.0,969514.0,13800470.0,9534089.0,2717602.0,1051352.0,309254.0,3216013.0,143110.0,6259892.0,2016-11-28
2016/11/30,173,2016/11/29,2016,11,29,2,0,0,2016/11/30,2016/11/28,2016/10/29,0,0,15127722.0,6781847.0,3478.0,1608115.0,490144.0,9321570.0,5218837.0,891709.0,13377673.0,9211105.0,2537462.0,667285.0,290521.0,3108684.0,139194.0,6204684.0,2016-11-29
2016/12/1,230,2016/11/30,2016,11,30,3,0,1,2016/12/1,2016/11/29,2016/10/30,0,0,16253955.0,7250532.0,3098.0,1659944.0,430075.0,10070486.0,5438438.0,887054.0,14468768.0,9748695.0,2671464.0,655380.0,284365.0,3210567.0,147696.0,6506971.0,2016-11-30
2016/12/2,182,2016/12/1,2016,12,1,4,0,0,2016/12/2,2016/11/30,2016/10/31,0,0,18203682.0,7602208.0,3257.0,1701747.0,434208.0,10284652.0,6416213.0,908856.0,14343742.0,9313863.0,3078824.0,997091.0,290022.0,3085058.0,127158.0,7397805.0,2016-12-01
2016/12/3,185,2016/12/2,2016,12,2,5,0,0,2016/12/3,2016/12/1,2016/11/1,0,0,15755662.0,6144959.0,1629.0,1225336.0,322535.0,8357297.0,5850875.0,613409.0,11458956.0,8312139.0,2602124.0,614488.0,198493.0,1987636.0,112233.0,7022672.0,2016-12-02
2016/12/4,170,2016/12/3,2016,12,3,6,1,0,2016/12/4,2016/12/2,2016/11/2,0,0,13307641.0,4687710.0,0.0,748925.0,210862.0,6429942.0,5285537.0,317962.0,8574170.0,7310414.0,2125424.0,231885.0,106964.0,890213.0,97308.0,6647539.0,2016-12-03
2016/12/5,173,2016/12/4,2016,12,4,7,1,0,2016/12/5,2016/12/3,2016/11/3,0,0,12625944.0,4222202.0,4.0,696577.0,175595.0,5731794.0,5135345.0,305439.0,7539913.0,7097387.0,1945219.0,194589.0,102800.0,754844.0,83078.0,6772559.0,2016-12-04
2016/12/6,192,2016/12/5,2016,12,5,1,0,0,2016/12/6,2016/12/4,2016/11/4,0,0,17779297.0,7141901.0,3477.0,1567284.0,393960.0,9856396.0,5524708.0,1028437.0,14286932.0,9804305.0,3293040.0,924544.0,315218.0,2981653.0,138150.0,6949925.0,2016-12-05
2016/12/7,188,2016/12/6,2016,12,6,2,0,0,2016/12/7,2016/12/5,2016/11/5,0,0,16217196.0,6616615.0,3244.0,1536505.0,392776.0,9183466.0,5260318.0,969089.0,13300179.0,9228332.0,2931136.0,738249.0,288051.0,2656139.0,132856.0,6833743.0,2016-12-06
2016/12/8,159,2016/12/7,2016,12,7,3,0,0,2016/12/8,2016/12/6,2016/11/6,0,0,15237378.0,6367038.0,3252.0,1517117.0,376470.0,8518106.0,5068421.0,870713.0,12863596.0,8882209.0,2639548.0,535034.0,260160.0,2621971.0,135787.0,6865993.0,2016-12-07
2016/12/9,159,2016/12/8,2016,12,8,4,0,0,2016/12/9,2016/12/7,2016/11/7,0,0,15503028.0,6447661.0,3173.0,1507919.0,372994.0,8722466.0,5149994.0,890459.0,12974829.0,9054177.0,2699683.0,744534.0,270282.0,2586663.0,137045.0,6730825.0,2016-12-08
2016/12/10,163,2016/12/9,2016,12,9,5,0,0,2016/12/10,2016/12/8,2016/11/8,0,0,16196018.0,6800885.0,3746.0,1575033.0,346997.0,9071384.0,6398866.0,818251.0,13613872.0,9571218.0,2749342.0,641828.0,253287.0,2818186.0,132770.0,7130841.0,2016-12-09
2016/12/11,164,2016/12/10,2016,12,10,6,1,0,2016/12/11,2016/12/9,2016/11/9,0,0,13102357.0,4754479.0,0.0,781455.0,198179.0,6718564.0,7034961.0,329778.0,8890203.0,7763029.0,2035824.0,222597.0,108993.0,917059.0,79068.0,6777534.0,2016-12-10
2016/12/12,185,2016/12/11,2016,12,11,7,1,0,2016/12/12,2016/12/10,2016/11/10,0,0,11857060.0,4066858.0,5.0,724319.0,164607.0,5525801.0,5478057.0,317793.0,7543628.0,7067677.0,1801898.0,190521.0,107328.0,734935.0,73491.0,6673715.0,2016-12-11
2016/12/13,181,2016/12/12,2016,12,12,1,0,0,2016/12/13,2016/12/11,2016/11/11,0,0,17100755.0,7235408.0,3651.0,1652489.0,383754.0,9887398.0,9319824.0,1076204.0,14623623.0,9997369.0,3152218.0,708585.0,332590.0,3151380.0,139983.0,7203029.0,2016-12-12
2016/12/14,160,2016/12/13,2016,12,13,2,0,0,2016/12/14,2016/12/12,2016/11/12,0,0,15626272.0,6591948.0,3222.0,1593159.0,423976.0,9034493.0,5297663.0,1025775.0,13327376.0,9326273.0,3002011.0,600948.0,311796.0,2761611.0,136425.0,6776781.0,2016-12-13
2016/12/15,163,2016/12/14,2016,12,14,3,0,0,2016/12/15,2016/12/13,2016/11/13,0,0,15244825.0,6362188.0,3221.0,1542245.0,353459.0,8683016.0,5144718.0,1009062.0,12950245.0,9371880.0,2544575.0,635341.0,295300.0,2746645.0,150178.0,6636816.0,2016-12-14
2016/12/16,172,2016/12/15,2016,12,15,4,0,0,2016/12/16,2016/12/14,2016/11/14,0,0,17143813.0,7358343.0,3573.0,1642818.0,364425.0,10360785.0,5727374.0,984003.0,14931407.0,9819874.0,2596065.0,1041645.0,295739.0,2963697.0,160106.0,6990688.0,2016-12-15
2016/12/17,171,2016/12/16,2016,12,16,5,0,0,2016/12/17,2016/12/15,2016/11/15,0,0,16147460.0,6812710.0,3401.0,1618067.0,344390.0,9415734.0,5552222.0,903213.0,14107020.0,9578349.0,2480183.0,836466.0,271632.0,2896046.0,156389.0,7224980.0,2016-12-16
2016/12/18,156,2016/12/17,2016,12,17,6,1,0,2016/12/18,2016/12/16,2016/11/16,0,0,12443358.0,4323405.0,6.0,911211.0,193283.0,6051818.0,5101070.0,333420.0,8393813.0,7046868.0,1874145.0,248280.0,129626.0,870302.0,103608.0,6766691.0,2016-12-17
2016/12/19,183,2016/12/18,2016,12,18,7,1,0,2016/12/19,2016/12/17,2016/11/17,0,0,11778809.0,3948682.0,0.0,662509.0,165050.0,5590062.0,5081761.0,327827.0,7443271.0,6887784.0,1733415.0,188728.0,131539.0,718475.0,95967.0,6649236.0,2016-12-18
2016/12/20,167,2016/12/19,2016,12,19,1,0,0,2016/12/20,2016/12/18,2016/11/18,0,0,16274960.0,6920505.0,3549.0,1588661.0,376481.0,9998490.0,5602514.0,1144282.0,14460511.0,9640334.0,2729466.0,685500.0,374653.0,3345933.0,154266.0,6977865.0,2016-12-19
2016/12/21,242,2016/12/20,2016,12,20,2,0,0,2016/12/21,2016/12/19,2016/11/19,0,0,16203901.0,7184556.0,3273.0,1650147.0,379594.0,10292232.0,5604711.0,1247722.0,14464548.0,9615646.0,2673928.0,863220.0,379440.0,3164015.0,166836.0,7285329.0,2016-12-20
2016/12/22,193,2016/12/21,2016,12,21,3,0,0,2016/12/22,2016/12/20,2016/11/20,0,0,15578980.0,6771462.0,3230.0,1716544.0,362478.0,9367567.0,5518440.0,1134775.0,13533517.0,9217680.0,2566606.0,847602.0,364179.0,3139693.0,162067.0,7767004.0,2016-12-21
2016/12/23,175,2016/12/22,2016,12,22,4,0,0,2016/12/23,2016/12/21,2016/11/21,0,0,16962102.0,6746772.0,3500.0,1750353.0,385907.0,9965315.0,5461268.0,1261251.0,14274992.0,9468177.0,2819475.0,684331.0,394610.0,3032040.0,160940.0,7256851.0,2016-12-22
2016/12/24,171,2016/12/23,2016,12,23,5,0,0,2016/12/24,2016/12/22,2016/11/22,0,0,17859435.0,6908003.0,3899.0,1867348.0,356289.0,10103123.0,5565826.0,1090372.0,14371827.0,10235566.0,3052721.0,547816.0,351192.0,3340473.0,157199.0,7469290.0,2016-12-23
2016/12/25,219,2016/12/24,2016,12,24,6,1,0,2016/12/25,2016/12/23,2016/11/23,1,0,13315163.0,4529271.0,1.0,865545.0,208626.0,6524073.0,5174316.0,383700.0,8752704.0,7635436.0,1991680.0,224190.0,168371.0,1025983.0,94363.0,8055362.0,2016-12-24
2016/12/26,190,2016/12/25,2016,12,25,7,1,0,2016/12/26,2016/12/24,2016/11/24,0,0,13899816.0,4479801.0,8.0,871459.0,190463.0,6188478.0,5617292.0,412567.0,8361966.0,7783169.0,2274048.0,232799.0,178605.0,882462.0,95529.0,8091165.0,2016-12-25
2016/12/27,178,2016/12/26,2016,12,26,1,0,0,2016/12/27,2016/12/25,2016/11/25,0,0,17121113.0,7152103.0,3346.0,1911260.0,400973.0,9988419.0,5801580.0,1597311.0,14962963.0,10220081.0,3036675.0,518579.0,454370.0,3894743.0,158322.0,7320014.0,2016-12-26
2016/12/28,173,2016/12/27,2016,12,27,2,0,0,2016/12/28,2016/12/26,2016/11/26,0,0,16498275.0,7219911.0,3340.0,1935721.0,402276.0,10037086.0,5596366.0,1243526.0,14964779.0,9842269.0,2663405.0,867713.0,426914.0,3483962.0,157602.0,7215451.0,2016-12-27
2016/12/29,178,2016/12/28,2016,12,28,3,0,0,2016/12/29,2016/12/27,2016/11/27,0,0,16084825.0,7144723.0,3461.0,1932192.0,375928.0,9833086.0,5642514.0,1213930.0,14975432.0,9765476.0,2581176.0,734136.0,415028.0,3588904.0,189882.0,7295248.0,2016-12-28
2016/12/30,164,2016/12/29,2016,12,29,4,0,0,2016/12/30,2016/12/28,2016/11/28,0,0,16577510.0,7318523.0,3685.0,1831532.0,378409.0,10417233.0,5421863.0,1221407.0,15212772.0,9679025.0,2609894.0,979474.0,419616.0,3621076.0,182584.0,7340148.0,2016-12-29
2016/12/31,174,2016/12/30,2016,12,30,5,0,0,2016/12/31,2016/12/29,2016/11/29,0,0,17732518.0,8059787.0,3641.0,2007323.0,348445.0,11045672.0,5878271.0,1220526.0,16614642.0,10636456.0,2622685.0,802334.0,390191.0,3909731.0,186539.0,7900274.0,2016-12-30
